MAU2 2012 202      0.0000      0.0000      0.0000    0.4826 0.0822 0.6993
MAU2 2012 203      0.4111      2.3667    -10.5909    0.6874 0.1906 1.0440
MAU2 2012 204     -3.3054      1.3625      1.6050    0.4573 0.0993 0.6714
MAU2 2012 205     -1.4874     -0.2508     -3.1496    0.4562 0.0956 0.6722
MAU2 2012 206      0.8228      1.2923     -2.6516    0.5586 0.1320 0.8415
MAU2 2012 207      0.4954      1.1699     -1.6834    0.7396 0.2122 1.1888
MAU2 2012 208     -0.0007      1.4762      7.8266    0.7269 0.1814 1.1082
MAU2 2012 209     -2.3820      1.0237      1.4422    1.2386 0.2182 2.2041
MAU2 2012 211     -1.9949      1.2375     -1.0756    1.0142 0.1066 1.3242
MAU2 2012 212     -2.5752      2.3661      0.9258    0.4502 0.0752 0.6586
MAU2 2012 213     -4.1322      3.6748      4.7576    0.4417 0.0763 0.6328
MAU2 2012 214     -2.5105      2.3473      2.3266    0.4470 0.1022 0.6593
MAU2 2012 215     -3.9822      3.1720      5.3375    0.4681 0.0790 0.6748
MAU2 2012 216     -5.1676      3.2490      7.5398    0.4873 0.0851 0.7036
MAU2 2012 217     -4.2900      1.4815      9.5642    0.4528 0.0764 0.6519
MAU2 2012 218     -4.4221      5.2134     14.7137    0.4813 0.0842 0.6794
MAU2 2012 219     -4.9142      5.3838     11.5117    0.4601 0.0775 0.6577
MAU2 2012 220     -5.8837      4.3728     11.0302    0.4613 0.0998 0.6644
MAU2 2012 221     -5.5750      4.0323     12.2629    0.4481 0.0922 0.6527
MAU2 2012 222     -9.7705      6.7166     14.4488    0.4676 0.0894 0.6885
MAU2 2012 223     -9.1418      2.5345     12.4222    0.4459 0.0904 0.6542
MAU2 2012 224     -8.4407      5.2506     13.3232    0.4699 0.0911 0.6911
MAU2 2012 225     -7.9022      4.6523     14.9677    0.4647 0.0937 0.6869
MAU2 2012 226     -9.7601      7.7464     18.9833    0.4692 0.0946 0.6928
MAU2 2012 227    -10.7399      7.5018     16.0326    0.4968 0.0977 0.7307
MAU2 2012 228    -10.6574      5.9874     18.6876    0.4891 0.0967 0.7143
MAU2 2012 229    -10.2075      6.8072     18.6834    0.4806 0.0901 0.7116
MAU2 2012 230     -9.0538      5.1525     19.9306    0.4976 0.0983 0.7377
MAU2 2012 231     -9.4812      4.3384     19.9743    0.4835 0.0939 0.7168
MAU2 2012 232    -13.4627      7.5243     15.1490    0.4803 0.0953 0.7122
MAU2 2012 233    -11.3467      5.6853     15.8588    0.4563 0.0916 0.6735
MAU2 2012 234    -11.9545      8.6083     21.3838    0.4925 0.0947 0.7286
MAU2 2012 235     -9.2394      7.5738     18.8833    0.5329 0.1028 0.7909
MAU2 2012 236    -10.9729      7.3794     20.0350    0.4822 0.0917 0.7130
MAU2 2012 237    -12.8553      8.0496     20.0591    0.4670 0.0907 0.6958
MAU2 2012 238    -12.5458      7.3872     22.9934    0.4743 0.0908 0.7014
MAU2 2012 239    -14.7802      7.5624     20.3682    0.4433 0.0850 0.6583
MAU2 2012 240    -14.2788      7.5242     20.2177    0.4738 0.0942 0.7026
MAU2 2012 241    -16.8032      6.6368     26.5149    0.4750 0.0928 0.7092
MAU2 2012 242    -17.2048      6.2832     27.2485    0.5305 0.1013 0.7912
MAU2 2012 243    -18.1287      6.6644     22.4434    0.4834 0.0952 0.7027
MAU2 2012 244    -21.2164      7.8278     26.6589    0.4898 0.0969 0.7270
MAU2 2012 245    -19.9495      8.6137     24.1129    0.4821 0.0942 0.7118
MAU2 2012 246    -17.9320      7.6585     26.0668    0.5668 0.1107 0.8454
MAU2 2012 247    -25.0513     10.7765     26.9742    1.6725 0.5185 2.5081
MAU2 2012 248    -19.9583      8.1684     25.1797    0.5208 0.1012 0.7671
MAU2 2012 249    -19.3256      7.7681     28.5621    0.5143 0.0987 0.7544
MAU2 2012 250    -20.2449      9.1887     41.7186    0.5028 0.0916 0.7442
MAU2 2012 251    -23.0643      9.2568     26.3820    0.5184 0.0973 0.7705
MAU2 2012 252    -21.4438      7.9655     31.7054    0.5373 0.0994 0.7799
MAU2 2012 253    -20.8670     10.1470     33.5289    0.4881 0.0956 0.7094
MAU2 2012 254    -22.1631     10.0164     33.2692    0.5105 0.0931 0.7469
MAU2 2012 255    -22.6061      9.4319     36.0998    0.5438 0.0980 0.8013
MAU2 2012 256    -21.7662      9.5699     36.1351    0.5171 0.0936 0.7721
MAU2 2012 257    -23.9235     11.3546     37.0165    0.5048 0.0928 0.7519
MAU2 2012 258    -24.2415     10.3979     39.2735    0.4868 0.0972 0.7250
MAU2 2012 259    -22.8194      9.0202     40.7404    0.5162 0.0997 0.7545
MAU2 2012 260    -22.4828      7.7955     30.8882    0.4814 0.1003 0.7081
MAU2 2012 261    -23.8007      9.8332     41.0828    0.4959 0.0971 0.7407
MAU2 2012 262    -23.4515      9.7088     38.5875    0.4727 0.0934 0.6941
MAU2 2012 263    -24.5091      9.3004     37.2614    0.4845 0.0991 0.7158
MAU2 2012 264    -27.6208     11.1470     43.4866    0.5042 0.0956 0.7453
MAU2 2012 265    -25.3043      8.3828     39.7386    0.5166 0.0979 0.7549
MAU2 2012 266    -27.0404     11.1983     43.3613    0.5302 0.0907 0.7785
MAU2 2012 267    -29.8718     10.4826     23.5075    0.4684 0.0892 0.6995
MAU2 2012 268    -27.4209     12.2664     41.8207    0.4950 0.1014 0.7255
MAU2 2012 269    -27.9109     12.3008     42.3224    0.4934 0.1010 0.7218
MAU2 2012 270    -27.4307     12.8139     39.5063    0.6241 0.1475 0.9458
MAU2 2012 272    -28.9610     13.1672     43.9571    0.4882 0.0945 0.7364
MAU2 2012 273    -31.2121     12.2712     45.3848    0.4810 0.1020 0.7160
MAU2 2012 274    -29.2918     14.8649     48.2481    0.4993 0.0972 0.7423
MAU2 2012 275    -28.3465     14.2494     45.7612    1.1423 0.2295 1.7620
MAU2 2012 284    -33.1723     17.7292     50.5359    0.8192 0.1668 1.1519
MAU2 2012 285    -34.7472     16.6868     54.5926    0.4795 0.0991 0.6849
MAU2 2012 286    -32.3780     16.3020     44.5598    0.4780 0.1019 0.6802
MAU2 2012 287    -34.6592     17.2400     59.2654    0.4808 0.1142 0.7129
MAU2 2012 288    -36.3432     16.3264     60.4439    0.4883 0.1143 0.7141
MAU2 2012 289    -35.6418     15.7931     60.5458    0.4960 0.1148 0.7236
MAU2 2012 290    -36.0844     16.1051     62.2387    0.4642 0.1112 0.6842
MAU2 2012 291    -88.6028     31.8585     99.5723    19.3923 0.3989 16.7157
MAU2 2012 292    -39.7322     17.0592     57.4753    0.4682 0.1137 0.6979
MAU2 2012 293    -37.1911     16.3513     64.6849    0.5949 0.1536 0.8729
MAU2 2012 294    -38.8079     18.3013     64.3597    0.5201 0.1220 0.7542
MAU2 2012 295    -38.8845     19.9560     69.9086    0.4883 0.1048 0.7124
MAU2 2012 296    -38.1562     19.4999     70.1425    0.5967 0.1284 0.8741
MAU2 2012 297    -43.0922     16.2270     67.0150    0.9055 0.2009 1.2736
MAU2 2012 298    -39.5932     19.4037     72.7302    0.4879 0.1180 0.7069
MAU2 2012 299    -41.9560     19.0781     68.7075    0.5554 0.1303 0.8005
MAU2 2012 300    -44.1306     19.4127     68.3715    0.5156 0.1369 0.7684
MAU2 2012 301    -41.0312     19.5268     76.1943    0.5092 0.1255 0.7306
MAU2 2012 302    -42.0164     18.3858     81.2809    0.4841 0.1247 0.7222
MAU2 2012 303    -41.9586     19.9454     71.0842    0.5046 0.1260 0.7587
MAU2 2012 304    -42.8564     21.5108     77.9942    0.4990 0.1197 0.7325
MAU2 2012 305   -191.1526     23.6229     87.5022    169.4290 7.2581 32.1457
MAU2 2012 307    -44.3037     20.3669     79.9460    0.4727 0.1152 0.6914
MAU2 2012 308    -44.9539     20.8589     82.3877    0.4743 0.1152 0.7080
MAU2 2012 309    -45.8669     22.1999     78.7256    0.4817 0.1193 0.7168
MAU2 2012 310    -46.3794     22.4186     82.2388    0.5531 0.1323 0.8073
MAU2 2012 311    -45.9144     21.7301     83.7702    0.5564 0.1258 0.8068
MAU2 2012 312    -52.1277     25.2398     80.9487    0.8332 0.1784 1.1899
MAU2 2012 313    -50.6116     23.9282     86.1953    1.0480 0.2203 1.6029
MAU2 2012 314    -46.4362     22.2755     78.7974    0.4918 0.1168 0.7183
MAU2 2012 315    -47.8686     21.2911     86.5974    0.4865 0.1261 0.7184
MAU2 2012 316    -47.8603     23.6107     86.4992    0.4967 0.1234 0.7219
MAU2 2012 317    -47.3780     21.5173     87.3488    0.4926 0.1232 0.7285
MAU2 2012 318    -49.1899     21.7780     81.9388    0.5042 0.1194 0.7540
MAU2 2012 319    -52.1088     22.7652     91.1881    0.5598 0.1659 0.8341
MAU2 2012 320    -49.6056     22.0819     90.0644    0.5045 0.1286 0.7469
MAU2 2012 321    -50.2117     22.5516     95.3200    0.5077 0.1030 0.7531
MAU2 2012 322    -50.4996     24.4852     88.9793    0.5350 0.1079 0.7913
MAU2 2012 323    -50.4515     23.0776     94.6015    0.4863 0.1032 0.7124
MAU2 2012 324    -50.9531     22.9592     89.6618    0.4563 0.0975 0.6757
MAU2 2012 325    -51.2117     24.0177     92.5661    0.4968 0.1025 0.7399
MAU2 2012 326    -50.6877     24.6168     97.5731    0.5623 0.1288 0.8734
MAU2 2012 327    -54.8303     22.5598     88.3782    0.4966 0.1051 0.7379
MAU2 2012 328    -52.1230     24.0820     91.8171    0.5138 0.1312 0.7710
MAU2 2012 329    -53.1799     22.5118     89.5086    0.4941 0.1234 0.7394
MAU2 2012 330    -53.7162     27.1526     92.2187    0.4654 0.1215 0.6886
MAU2 2012 331    -52.4812     25.3241     98.2466    0.4929 0.1251 0.7385
MAU2 2012 332    -54.3122     25.2892     93.6486    0.4661 0.0962 0.6647
MAU2 2012 333    -54.6807     26.6269    101.6172    0.5383 0.1223 0.7608
MAU2 2012 338    -53.8836     29.9220     98.8429    3.5297 0.4884 2.4527
MAU2 2012 339    -63.1358     27.5558     88.3343    0.5683 0.1139 0.8035
MAU2 2012 340    -56.8254     30.5192    103.5095    0.5787 0.1175 0.8083
MAU2 2012 341    -55.8517     27.7853     99.0522    0.5867 0.1085 0.8129
MAU2 2012 342    -52.0710     27.8594     99.2053    0.5634 0.1114 0.7687
MAU2 2012 343    -57.8980     27.9793    100.6712    0.4848 0.0999 0.6891
MAU2 2012 344    -59.1645     28.0606    100.1500    0.4920 0.1002 0.6899
MAU2 2012 345    -61.2695     27.4269    104.6938    0.4790 0.0947 0.6818
MAU2 2012 346    -60.5844     28.6716    113.6987    0.5155 0.1051 0.7515
MAU2 2012 347    -60.4882     30.6773    107.7145    0.6385 0.1153 0.8588
MAU2 2012 348    -62.2198     29.1856    110.5320    0.4826 0.0949 0.7019
MAU2 2012 349    -65.9925     30.4040    103.8274    0.5053 0.0991 0.7385
MAU2 2012 350    -65.0038     29.3046    116.0900    0.5153 0.1056 0.7421
MAU2 2012 351    -62.5927     29.2492    111.3991    0.5378 0.1085 0.7998
MAU2 2012 352    -66.3082     29.9724    115.2263    0.5522 0.1129 0.8215
MAU2 2012 353    -59.8509     29.6180    106.6872    0.5612 0.1117 0.8349
MAU2 2012 354    -63.3662     30.3133    110.7306    0.5740 0.1105 0.8267
MAU2 2012 355    -65.1737     28.9845    110.1882    0.5813 0.1170 0.8383
MAU2 2012 356    -63.0275     30.8556    111.8022    0.6140 0.1412 0.8755
MAU2 2012 357    -65.7883     30.0604    116.4293    0.5144 0.1121 0.7594
MAU2 2012 358    -65.7419     30.8239    120.0796    0.5427 0.1135 0.8130
MAU2 2012 359    -65.1746     31.7085    117.4080    0.6744 0.1402 1.0121
MAU2 2012 360    -70.9003     29.1449    115.1450    0.6430 0.1272 0.9224
MAU2 2012 361    -64.0770     31.2215    115.3556    0.5603 0.1140 0.8270
MAU2 2012 362    -66.8826     31.8377    117.2769    0.5028 0.0996 0.7373
MAU2 2012 363    -67.7502     32.0506    116.1088    0.4794 0.1085 0.7021
MAU2 2012 364    -68.1689     33.2051    122.7784    0.4871 0.0973 0.7127
MAU2 2012 365    -67.3829     31.9864    124.9595    0.6054 0.1280 0.8906
MAU2 2012 366    -71.2791     34.5568    115.6879    0.5024 0.1063 0.7471
MAU2 2014 001   -198.3644     84.5000    336.5599    0.4627 0.0786 0.5075
MAU2 2014 002   -192.9143     86.7872    337.8095    0.5590 0.1092 0.5980
MAU2 2014 003   -190.3684     84.4410    346.0316    0.4129 0.0742 0.4607
MAU2 2014 004   -191.3803     85.4841    347.2834    0.4521 0.0909 0.5025
MAU2 2014 007   -194.1670     84.7376    337.6288    0.7956 0.1365 0.8740
MAU2 2014 008   -194.6777     86.3511    342.5157    0.4139 0.0841 0.4562
MAU2 2014 009   -198.7406     87.3584    341.7570    0.3981 0.0772 0.4399
MAU2 2014 010   -192.6743     85.2109    349.5493    0.4163 0.0858 0.4649
MAU2 2014 011   -191.7643     86.6615    345.8017    0.3969 0.0784 0.4419
MAU2 2014 012   -194.0297     88.3555    353.2478    0.4038 0.0878 0.4514
MAU2 2014 013   -196.9270     88.5035    349.1276    0.3853 0.0755 0.4294
MAU2 2014 014   -192.4502     90.5672    355.4199    0.4543 0.0932 0.5113
MAU2 2014 015   -195.3133     89.2689    355.7509    0.4536 0.0926 0.5086
MAU2 2014 016   -191.0887     87.3433    350.5912    0.4460 0.0894 0.5082
MAU2 2014 017   -193.6909     86.7406    349.0946    0.4370 0.0853 0.4918
MAU2 2014 018   -192.3288     88.6804    351.5455    0.4845 0.0911 0.5116
MAU2 2014 021   -197.7507     88.5298    353.9565    0.6930 0.1194 0.7997
MAU2 2014 022   -202.2377     88.0813    353.5461    0.3683 0.0740 0.4616
MAU2 2014 023   -198.1701     85.6229    353.3819    0.4162 0.0922 0.5409
MAU2 2014 024   -197.6490     88.6805    356.1724    0.4250 0.0871 0.5436
MAU2 2014 025   -196.9094     88.7836    358.5104    0.3355 0.0757 0.4367
MAU2 2014 026   -197.9805     89.4585    364.8407    0.3376 0.0668 0.4292
MAU2 2014 027   -199.2879     90.0443    356.5574    0.3900 0.0775 0.5013
MAU2 2014 028   -199.5965     88.0304    355.9300    0.3826 0.0831 0.4907
MAU2 2014 029   -200.2369     88.4905    366.5020    0.3725 0.0768 0.4837
MAU2 2014 030   -206.8669     86.6324    363.5865    0.4530 0.1004 0.5004
MAU2 2014 031   -209.9727     89.7440    358.8821    0.5412 0.1159 0.5846
MAU2 2014 032   -205.7343     88.3484    359.5622    0.4034 0.0851 0.5257
MAU2 2014 033   -207.0755     89.8478    359.7714    0.3676 0.0741 0.4711
MAU2 2014 034   -205.4335     88.0818    365.1897    0.3788 0.0752 0.4875
MAU2 2014 035   -203.9298     89.8391    360.2083    0.3738 0.0731 0.4722
MAU2 2014 036   -203.0225     83.8491    359.8248    0.4801 0.0934 0.5309
MAU2 2014 037   -203.3432     91.3151    364.9383    0.3539 0.0732 0.4551
MAU2 2014 038   -202.9198     90.4000    369.5197    0.3885 0.0822 0.5028
MAU2 2014 039   -202.9497     90.5384    365.7308    0.4147 0.0827 0.5235
MAU2 2014 040   -201.9369     90.5089    361.0942    0.3549 0.0715 0.4548
MAU2 2014 041   -201.7554     90.1083    366.1611    0.3409 0.0676 0.4390
MAU2 2014 042   -202.0116     88.9233    367.3606    0.3493 0.0701 0.4509
MAU2 2014 043   -202.5998     90.8630    368.3059    0.3445 0.0687 0.4431
MAU2 2014 044   -204.0267     89.5200    380.7233    0.3573 0.0705 0.4592
MAU2 2014 045   -204.8287     86.9372    375.1124    0.3913 0.0808 0.5013
MAU2 2014 046   -202.0332     91.3216    366.6646    0.3541 0.0771 0.4582
MAU2 2014 047   -204.0827     91.2625    359.4612    0.3391 0.0686 0.4402
MAU2 2014 048   -202.1808     89.8233    363.4981    0.3583 0.0741 0.4543
MAU2 2014 049   -203.1131     90.4343    366.4461    0.3641 0.0715 0.4735
MAU2 2014 050   -204.0941     88.8581    369.2426    0.3723 0.0745 0.4851
MAU2 2014 051   -204.8888     89.7892    370.7127    0.3530 0.0737 0.4562
MAU2 2014 052   -203.3917     90.2859    365.1194    0.3635 0.0741 0.4646
MAU2 2014 053   -203.3583     91.2518    367.9140    0.3402 0.0721 0.4355
MAU2 2014 054   -204.1623     92.5335    369.7692    0.3346 0.0665 0.4261
MAU2 2014 055   -203.2911     91.5228    370.0693    0.3646 0.0687 0.4719
MAU2 2014 056   -204.0459     91.9495    364.9852    0.3549 0.0718 0.4617
MAU2 2014 057   -204.5400     92.2344    365.6777    0.3238 0.0678 0.4229
MAU2 2014 058   -205.6123     91.1290    373.8786    0.3504 0.0710 0.4572
MAU2 2014 059   -204.8696     93.6791    374.6998    0.3450 0.0660 0.4441
MAU2 2014 060   -204.7483     92.1739    375.8089    0.3433 0.0683 0.4428
MAU2 2014 061   -203.3411     92.0397    367.9840    0.3501 0.0733 0.4440
MAU2 2014 062   -204.6665     89.9049    370.9543    0.3652 0.0838 0.4693
MAU2 2014 063   -206.7587     91.3957    366.9888    0.3382 0.0719 0.4387
MAU2 2014 064   -207.5718     91.9138    372.4503    0.3547 0.0736 0.4509
MAU2 2014 065   -205.1582     92.0073    378.3080    0.3595 0.0784 0.4647
MAU2 2014 066   -204.7347     91.6048    377.1251    0.4059 0.0802 0.4316
MAU2 2014 067   -207.4304     90.2604    368.6865    0.4295 0.0863 0.4695
MAU2 2014 068   -210.6233     89.3783    371.6920    0.3902 0.0792 0.4962
MAU2 2014 069   -210.4338     91.6667    371.4005    0.3245 0.0663 0.4112
MAU2 2014 070   -209.6075     92.0667    377.7009    0.3662 0.0775 0.4665
MAU2 2014 071   -209.2587     92.9245    375.7784    0.3343 0.0708 0.4279
MAU2 2014 072   -208.0525     91.5498    376.6180    0.3694 0.0777 0.4789
MAU2 2014 073   -209.7706     91.6053    372.2787    0.3374 0.0665 0.4322
MAU2 2014 074   -212.3163     92.1199    380.9899    0.3413 0.0691 0.4387
MAU2 2014 075   -215.8430     93.0997    379.8484    0.3813 0.0742 0.4876
MAU2 2014 076   -213.7561     90.2708    381.0308    0.3558 0.0749 0.4555
MAU2 2014 077   -211.7167     91.0874    378.9812    0.3284 0.0673 0.4162
MAU2 2014 078   -211.6013     91.6303    385.5357    0.3371 0.0700 0.4244
MAU2 2014 079   -212.4391     92.4545    383.7567    0.3406 0.0732 0.4354
MAU2 2014 080   -213.5255     91.0205    383.5544    0.3355 0.0677 0.4268
MAU2 2014 081   -213.0609     91.3406    387.0075    0.3251 0.0658 0.4139
MAU2 2014 082   -212.0773     92.5130    386.6116    0.3079 0.0610 0.3921
MAU2 2014 083   -211.1070     93.0103    383.5613    0.2981 0.0600 0.3790
MAU2 2014 084   -211.0555     93.3568    385.0127    0.3088 0.0671 0.3965
MAU2 2014 085   -211.5684     93.8487    383.2317    0.3180 0.0673 0.4085
MAU2 2014 086   -213.8439     93.6757    388.2335    0.3132 0.0688 0.4029
MAU2 2014 087   -212.9071     94.2165    385.8392    0.3316 0.0692 0.4285
MAU2 2014 088   -216.6247     95.5837    397.1197    0.3436 0.0698 0.4393
MAU2 2014 089   -216.9987     90.8399    389.1416    0.3474 0.0739 0.4418
MAU2 2014 090   -220.5118     93.6675    398.3191    0.3897 0.0775 0.4232
MAU2 2014 091   -213.5050     94.9318    385.2268    0.3995 0.0798 0.4370
MAU2 2014 092   -211.0872     96.6950    384.3385    0.4459 0.0864 0.4912
MAU2 2014 093   -212.9671     95.4030    391.3718    0.3294 0.0663 0.4161
MAU2 2014 094   -213.8875     95.5034    392.0994    0.3313 0.0675 0.4210
MAU2 2014 095   -216.3441     94.5063    386.7401    0.3419 0.0689 0.4347
MAU2 2014 096   -220.2310     93.4804    401.2478    0.3590 0.0709 0.4566
MAU2 2014 097   -216.5636     92.5758    390.1925    0.3505 0.0700 0.4429
MAU2 2014 098   -222.2937     92.1711    392.9474    0.3450 0.0685 0.4347
MAU2 2014 099   -221.3278     94.2583    390.4881    0.3304 0.0663 0.4216
MAU2 2014 100   -217.6494     93.2740    390.6570    0.3361 0.0683 0.4252
MAU2 2014 101   -218.2726     94.4650    389.8957    0.3373 0.0688 0.4246
MAU2 2014 102   -217.8953     94.1998    390.4569    0.3541 0.0760 0.4535
MAU2 2014 103   -218.9545     95.1605    394.5300    0.3095 0.0624 0.3947
MAU2 2014 104   -219.7612     94.4316    395.5983    0.3050 0.0614 0.3894
MAU2 2014 105   -219.3541     96.1684    399.6026    0.3140 0.0621 0.3982
MAU2 2014 106   -223.1903     94.6789    396.9153    0.3305 0.0630 0.4199
MAU2 2014 107   -220.3205     96.7178    397.1045    0.3258 0.0584 0.4124
MAU2 2014 108   -221.2671     94.8657    395.1521    0.3160 0.0625 0.3995
MAU2 2014 109   -221.0730     96.2913    396.6195    0.3098 0.0612 0.3913
MAU2 2014 110   -219.0112     94.6400    400.7176    0.3245 0.0644 0.4089
MAU2 2014 111   -220.4242     94.2438    400.4433    0.3135 0.0631 0.3947
MAU2 2014 112   -220.7567     93.9122    403.2478    0.3177 0.0640 0.4031
MAU2 2014 113   -220.8769     94.8375    406.5035    0.3245 0.0640 0.4102
MAU2 2014 114   -221.0083     94.5309    403.3398    0.3296 0.0667 0.4159
MAU2 2014 115   -221.8417     96.0217    402.0212    0.3396 0.0674 0.4296
MAU2 2014 116   -222.7708     96.9236    406.9759    0.3418 0.0678 0.4328
MAU2 2014 117   -224.4114     98.4284    407.4015    0.3457 0.0689 0.4370
MAU2 2014 118   -223.3337     98.5808    403.7820    0.3402 0.0673 0.4328
MAU2 2014 119   -223.8559     97.1334    407.6116    0.3366 0.0671 0.4264
MAU2 2014 120   -226.7558     98.6322    413.1211    0.3604 0.0660 0.4492
MAU2 2014 121   -227.1954     98.7735    415.7555    0.3657 0.0666 0.4601
MAU2 2014 122   -224.1751     96.5293    403.9114    0.3427 0.0682 0.4341
MAU2 2014 123   -230.0284     98.3768    404.3071    0.3498 0.0690 0.4352
MAU2 2014 124   -225.6625     99.8977    394.3953    0.3557 0.0694 0.4455
MAU2 2014 125   -227.4692     98.7303    406.3222    0.3372 0.0659 0.4255
MAU2 2014 126   -232.0550    100.0627    404.4206    0.3258 0.0639 0.4098
MAU2 2014 127   -229.2465     98.2681    406.4925    0.3868 0.0711 0.4141
MAU2 2014 128   -225.5718     99.1539    407.9749    0.3080 0.0594 0.3955
MAU2 2014 129   -225.2418     98.8688    406.6025    0.3099 0.0617 0.3971
MAU2 2014 130   -225.3797    100.1465    410.1805    0.3020 0.0592 0.3832
MAU2 2014 131   -226.7075    100.2201    412.7111    0.2825 0.0556 0.3597
MAU2 2014 132   -227.5618     99.6907    413.4764    0.2810 0.0553 0.3560
MAU2 2014 133   -231.7145     99.2159    408.5328    0.2937 0.0569 0.3697
MAU2 2014 134   -231.0675    100.3712    409.5846    0.3018 0.0585 0.3834
MAU2 2014 135   -232.7249     99.9175    409.9803    0.2919 0.0572 0.3711
MAU2 2014 136   -230.9067    100.1609    412.3427    0.2950 0.0579 0.3724
MAU2 2014 137   -231.6595     99.5011    414.5965    0.2778 0.0545 0.3511
MAU2 2014 138   -229.0714     99.1641    415.8558    0.3028 0.0585 0.3817
MAU2 2014 139   -230.3327     98.7846    413.6053    0.2730 0.0533 0.3450
MAU2 2014 140   -228.2450     99.3662    418.0725    0.2799 0.0551 0.3557
MAU2 2014 141   -228.2174     99.3648    419.6198    0.2804 0.0555 0.3564
MAU2 2014 142   -226.8074     99.6133    416.5634    0.2865 0.0570 0.3647
MAU2 2014 143   -227.7635    101.0019    416.6269    0.2757 0.0547 0.3526
MAU2 2014 144   -230.1043    101.2818    421.0698    0.2727 0.0530 0.3499
MAU2 2014 145   -231.5677    102.0968    425.3875    0.2865 0.0559 0.3658
MAU2 2014 146   -231.7569    101.6376    422.0352    0.3163 0.0624 0.4012
MAU2 2014 147   -232.5154    102.7462    420.0702    0.2834 0.0561 0.3609
MAU2 2014 148   -232.9393    102.8396    422.9575    0.2825 0.0555 0.3608
MAU2 2014 149   -232.1614    103.0163    424.1351    0.3047 0.0591 0.3903
MAU2 2014 150   -232.4135    102.1111    421.7603    0.2900 0.0555 0.3694
MAU2 2014 151   -233.0448    101.5813    425.7595    0.2905 0.0561 0.3679
MAU2 2014 152   -239.9900    103.3093    425.1815    0.2945 0.0569 0.3739
MAU2 2014 153   -236.9587    103.1158    431.1471    0.2975 0.0581 0.3751
MAU2 2014 154   -232.2107    104.1258    426.8384    0.3073 0.0599 0.3886
MAU2 2014 155   -235.2183    102.2593    422.2583    0.2985 0.0583 0.3784
MAU2 2014 156   -234.6122    103.3403    420.4593    0.2934 0.0575 0.3725
MAU2 2014 157   -236.0101    103.8287    423.0776    0.3013 0.0597 0.3820
MAU2 2014 158   -233.4062    105.5285    423.7964    0.3040 0.0601 0.3867
MAU2 2014 159   -235.2433    104.7684    423.0771    0.3068 0.0605 0.3911
MAU2 2014 160   -237.7663    103.4395    420.6167    0.3097 0.0617 0.3929
MAU2 2014 161   -238.6692    102.8180    424.8048    0.3029 0.0600 0.3865
MAU2 2014 162   -237.3411    105.1520    425.1293    0.3140 0.0624 0.3997
MAU2 2014 163   -238.7822    103.8966    422.5593    0.3048 0.0612 0.3908
MAU2 2014 164   -238.6141    104.4683    419.1504    0.2824 0.0563 0.3606
MAU2 2014 165   -240.5411    104.1534    422.8868    0.2900 0.0582 0.3674
MAU2 2014 166   -237.9711    102.0781    417.9856    0.3267 0.0643 0.4160
MAU2 2014 167   -239.1777    100.2795    420.9797    0.3338 0.0640 0.3652
MAU2 2014 168   -237.9926    101.1940    422.1067    0.2851 0.0564 0.3649
MAU2 2014 169   -237.3261    101.7138    423.0067    0.2865 0.0568 0.3657
MAU2 2014 170   -237.5777    101.9697    426.2667    0.2754 0.0542 0.3503
MAU2 2014 171   -239.0542    101.8738    426.4419    0.2738 0.0536 0.3492
MAU2 2014 172   -238.6657    102.6504    424.6781    0.2799 0.0545 0.3583
MAU2 2014 173   -241.0261    102.4731    425.4401    0.2823 0.0545 0.3620
MAU2 2014 174   -239.7670    102.0684    428.0348    0.2802 0.0548 0.3591
MAU2 2014 175   -239.8978    101.4475    427.8723    0.2760 0.0548 0.3560
MAU2 2014 176   -239.4532    102.5138    427.9954    0.2858 0.0561 0.3680
MAU2 2014 177   -238.7701    102.7382    428.1664    0.2770 0.0538 0.3568
MAU2 2014 178   -239.9058    101.7961    425.8373    0.2753 0.0555 0.3537
MAU2 2014 179   -241.3834    103.9139    431.6503    0.2820 0.0554 0.3622
MAU2 2014 180   -240.5147    103.4922    429.1096    0.2825 0.0555 0.3611
MAU2 2014 181   -240.2287    102.6745    432.0731    0.2767 0.0539 0.3509
MAU2 2014 182   -240.6647    103.2182    434.0882    0.2802 0.0551 0.3570
MAU2 2014 183   -241.1740    103.0740    433.7373    0.2886 0.0573 0.3681
MAU2 2014 184   -241.4121    102.5388    434.3358    0.2782 0.0563 0.3547
MAU2 2014 185   -241.0208    104.7242    436.8090    0.2901 0.0574 0.3699
MAU2 2014 186   -240.9330    103.1177    429.5305    0.2958 0.0583 0.3785
MAU2 2014 187   -242.9203    103.7109    427.0090    0.2929 0.0580 0.3741
MAU2 2014 188   -242.8956    103.8565    427.4533    0.2961 0.0602 0.3779
MAU2 2014 189   -242.8194    104.0528    430.7341    0.2897 0.0577 0.3695
MAU2 2014 190   -241.8639    104.4470    432.0067    0.2905 0.0586 0.3713
MAU2 2014 191   -242.4959    104.8834    434.6004    0.2922 0.0590 0.3738
MAU2 2014 192   -244.2351    105.3316    438.4378    0.2935 0.0588 0.3755
MAU2 2014 193   -243.9876    104.5713    438.4527    0.2975 0.0594 0.3793
MAU2 2014 194   -246.4899    105.7808    437.4559    0.3012 0.0613 0.3834
MAU2 2014 195   -245.4850    103.9753    436.0999    0.3260 0.0658 0.4104
MAU2 2014 196   -247.8220    102.0117    435.2829    0.3696 0.0711 0.3940
MAU2 2014 197   -246.3304    103.6104    435.3931    0.3015 0.0586 0.3815
MAU2 2014 198   -246.8568    104.3633    438.9996    0.2926 0.0570 0.3689
MAU2 2014 199   -245.9258    104.0585    437.5551    0.2994 0.0590 0.3788
MAU2 2014 200   -247.1243    104.4417    440.8914    0.2838 0.0566 0.3594
MAU2 2014 201   -248.7995    103.5129    438.2226    0.3166 0.0623 0.3977
MAU2 2014 202   -248.2341    103.1355    441.8251    0.2945 0.0579 0.3677
MAU2 2014 203   -247.6699    103.1495    438.8763    0.2921 0.0577 0.3683
MAU2 2014 204   -247.6128    103.1044    438.8631    0.2789 0.0554 0.3542
MAU2 2014 205   -248.2255    102.5811    438.2422    0.2844 0.0560 0.3606
MAU2 2014 206   -246.8029    103.3122    441.7148    0.2915 0.0576 0.3698
MAU2 2014 207   -250.5112    102.9861    443.2528    0.2810 0.0557 0.3573
MAU2 2014 208   -258.0298    106.9961    448.7314    0.2889 0.0571 0.3662
MAU2 2014 209   -252.6075    105.1428    444.1305    0.3079 0.0612 0.3865
MAU2 2014 210   -252.4018    104.6519    438.1690    0.3144 0.0625 0.3954
MAU2 2014 211   -253.8759    105.1387    441.3076    0.3043 0.0610 0.3852
MAU2 2014 212   -253.2351    106.9538    442.6740    0.2979 0.0589 0.3768
MAU2 2014 213   -255.4059    105.9415    442.0795    0.3139 0.0613 0.3962
MAU2 2014 214   -251.1732    104.8510    445.9123    0.3802 0.0745 0.4731
MAU2 2014 215   -252.1187    103.8201    440.4801    0.3104 0.0617 0.3900
MAU2 2014 216   -252.0135    104.4377    441.8840    0.2913 0.0577 0.3666
MAU2 2014 217   -252.9728    104.3122    445.2993    0.3553 0.0689 0.3766
MAU2 2014 218   -254.7260    104.3817    437.7197    0.3330 0.0644 0.3548
MAU2 2014 219   -252.5727    105.7022    440.7753    0.3362 0.0642 0.3626
MAU2 2014 220   -252.5359    106.2125    442.8831    0.3455 0.0667 0.3692
MAU2 2014 221   -257.6098    106.5809    444.4413    0.3729 0.0725 0.3968
MAU2 2014 222   -256.6550    105.4741    445.3064    0.3642 0.0708 0.3878
MAU2 2014 223   -256.4285    103.2531    446.8585    0.3515 0.0688 0.3728
MAU2 2014 224   -254.2518    105.1719    445.2159    0.3570 0.0699 0.3775
MAU2 2014 225   -254.1051    105.4292    449.0748    0.3539 0.0696 0.3731
MAU2 2014 226   -254.2943    106.4152    448.5600    0.3733 0.0738 0.3965
MAU2 2014 227   -257.0699    107.3937    447.9282    0.3665 0.0722 0.3863
MAU2 2014 228   -259.4522    107.9928    449.8787    0.3898 0.0767 0.4118
MAU2 2014 229   -257.2220    108.2885    450.5908    0.3862 0.0757 0.4062
MAU2 2014 230   -257.8035    106.9808    450.4656    0.3824 0.0743 0.4045
MAU2 2014 231   -258.2593    108.0282    454.0509    0.3711 0.0722 0.3913
MAU2 2014 232   -257.8775    108.7606    455.9456    0.3862 0.0756 0.4106
MAU2 2014 233   -258.3743    109.8096    457.5616    0.3861 0.0752 0.4100
MAU2 2014 234   -259.6145    108.4207    450.5286    0.3958 0.0770 0.4200
MAU2 2014 235   -259.9476    108.5461    453.7889    0.4049 0.0797 0.4279
MAU2 2014 236   -262.2652    108.4725    450.5192    0.4148 0.0816 0.4382
MAU2 2014 237   -262.2130    107.7280    454.7245    0.4054 0.0804 0.4276
MAU2 2014 238   -261.1181    109.1921    454.5701    0.3811 0.0750 0.4023
MAU2 2014 239   -261.7606    109.1584    455.3946    0.3827 0.0756 0.4043
MAU2 2014 240   -261.8480    108.6579    456.2009    0.4001 0.0823 0.4225
MAU2 2014 241   -262.6043    112.2465    456.0615    0.3790 0.0744 0.3982
MAU2 2014 242   -264.8562    109.5580    458.2624    0.4017 0.0788 0.4222
MAU2 2014 243   -263.8000    112.6536    460.9217    0.3966 0.0767 0.4171
MAU2 2014 244   -267.2264    111.2380    459.0818    0.3948 0.0767 0.4160
MAU2 2014 245   -267.2947    110.9618    462.9440    0.3936 0.0765 0.4152
MAU2 2014 246   -264.8321    111.0196    456.1555    0.3967 0.0763 0.4205
MAU2 2014 247   -266.6390    111.1492    460.9420    0.3995 0.0780 0.4245
MAU2 2014 248   -265.9435    112.2968    458.0802    0.3693 0.0719 0.3930
MAU2 2014 249   -267.7535    110.3112    459.6376    0.3617 0.0714 0.3851
MAU2 2014 250   -266.9774    110.4826    460.5742    0.3510 0.0687 0.3742
MAU2 2014 251   -265.4481    112.0426    459.6595    0.3611 0.0711 0.3845
MAU2 2014 252   -268.7208    108.1911    461.2324    0.3819 0.0753 0.4051
MAU2 2014 253   -267.9566    110.5707    464.3742    0.3442 0.0684 0.3641
MAU2 2014 254   -267.2628    110.5875    466.2108    0.3422 0.0680 0.3620
MAU2 2014 255   -267.3707    110.5513    465.0992    0.3462 0.0693 0.3654
MAU2 2014 256   -267.9532    111.6022    465.3187    0.3468 0.0690 0.3651
MAU2 2014 257   -268.0789    110.8226    467.0554    0.3523 0.0718 0.3709
MAU2 2014 258   -267.9398    110.1369    470.4042    0.3705 0.0768 0.3912
MAU2 2014 259   -268.7026    111.0460    468.0650    0.3423 0.0692 0.3622
MAU2 2014 260   -268.4462    110.3679    472.6367    0.3403 0.0689 0.3602
MAU2 2014 261   -270.2194    111.3287    473.6759    0.3526 0.0712 0.3742
MAU2 2014 262   -272.5008    111.3121    471.9913    0.3755 0.0755 0.4024
MAU2 2014 263   -267.4853    111.8195    473.3678    0.3490 0.0691 0.3726
MAU2 2014 264   -270.0264    112.6074    472.7173    0.3650 0.0729 0.3892
MAU2 2014 265   -271.0611    112.2957    470.5892    0.3618 0.0708 0.3850
MAU2 2014 266   -271.2957    112.7808    472.9030    0.3612 0.0724 0.3847
MAU2 2014 267   -273.4299    112.4332    477.6252    0.3830 0.0746 0.4086
MAU2 2014 268   -272.2002    111.0880    473.5518    0.3648 0.0720 0.3859
MAU2 2014 269   -275.6353    112.1521    476.9222    0.3666 0.0715 0.3872
MAU2 2014 270   -274.4692    111.7677    477.3994    0.3607 0.0724 0.3819
MAU2 2014 271   -278.0903    113.7820    481.8861    0.3872 0.0774 0.4097
MAU2 2014 272   -276.9135    114.2504    481.0240    0.3738 0.0732 0.3933
MAU2 2014 273   -272.4971    114.3333    477.1652    0.4358 0.0917 0.4638
MAU2 2014 274   -272.5718    113.9733    478.3293    0.3736 0.0720 0.3963
MAU2 2014 275   -271.2466    115.0993    482.3202    0.3776 0.0780 0.4008
MAU2 2014 276   -272.9046    113.4756    482.1517    0.3703 0.0725 0.3946
MAU2 2014 277   -274.4977    113.1204    483.3922    0.3871 0.0762 0.4148
MAU2 2014 278   -275.0554    115.1896    481.4529    0.3534 0.0683 0.3812
MAU2 2014 279   -272.9074    115.9107    481.4763    0.3472 0.0682 0.3753
MAU2 2014 280   -275.0393    114.4557    482.6117    0.3577 0.0700 0.3859
MAU2 2014 281   -274.0598    110.5805    482.8525    0.3684 0.0724 0.3987
MAU2 2014 282   -274.7855    113.3201    481.2487    0.4098 0.0823 0.4396
MAU2 2014 283   -275.3476    115.8578    485.6775    0.3537 0.0703 0.3858
MAU2 2014 284   -276.3346    116.4831    487.1706    0.3464 0.0665 0.3722
MAU2 2014 285   -275.9692    115.0956    486.1797    0.3376 0.0649 0.3609
MAU2 2014 286   -277.4621    115.1725    486.4245    0.3448 0.0660 0.3701
MAU2 2014 287   -277.6928    113.5069    486.0708    0.3695 0.0698 0.3996
MAU2 2014 288   -277.8529    113.2411    485.8270    0.3511 0.0677 0.3797
MAU2 2014 289   -278.5506    115.9575    490.9274    0.3551 0.0698 0.3822
MAU2 2014 290   -278.7846    111.7448    491.6913    0.3818 0.0729 0.4166
MAU2 2014 291   -281.3171    114.6048    491.8379    0.4115 0.0803 0.4511
MAU2 2014 292   -280.2193    116.2231    493.5714    0.3950 0.0771 0.4316
MAU2 2014 293   -281.3323    116.6053    489.1261    0.3631 0.0709 0.3990
MAU2 2014 294   -279.7149    117.4209    490.2781    0.3436 0.0647 0.3780
MAU2 2014 295   -279.0377    116.9504    491.9535    0.3365 0.0633 0.3709
MAU2 2014 296   -279.0115    116.9400    492.5348    0.3598 0.0696 0.3955
MAU2 2014 297   -280.0881    116.4550    489.9135    0.3881 0.0745 0.4269
MAU2 2014 298   -279.6724    116.2156    493.9705    0.3831 0.0753 0.4196
MAU2 2014 299   -278.4292    118.7964    504.6495    0.3976 0.0784 0.4337
MAU2 2014 300   -281.3771    117.2494    503.8531    0.3875 0.0745 0.4246
MAU2 2014 301   -281.6849    121.4556    502.5559    0.3914 0.0732 0.4289
MAU2 2014 302   -280.8327    117.6006    496.5528    0.3865 0.0761 0.4263
MAU2 2014 303   -286.4716    118.2437    499.2740    0.3611 0.0718 0.4003
MAU2 2014 304   -283.6021    119.0751    502.6121    0.3460 0.0644 0.3813
MAU2 2014 305   -279.8112    117.9140    500.1791    0.3494 0.0658 0.3865
MAU2 2014 306   -280.6077    118.4314    504.7445    0.3720 0.0707 0.4126
MAU2 2014 307   -281.4206    117.8089    499.0472    0.3559 0.0689 0.3967
MAU2 2014 308   -282.4004    120.1788    500.4698    0.3924 0.0750 0.4376
MAU2 2014 309   -285.3837    119.2122    505.1541    0.3559 0.0683 0.3978
MAU2 2014 310   -285.8141    119.7483    502.3929    0.3735 0.0723 0.4160
MAU2 2014 311   -282.5809    119.4097    502.3163    0.3748 0.0709 0.4163
MAU2 2014 312   -281.5281    119.7488    501.1716    0.3904 0.0742 0.4313
MAU2 2014 313   -282.6482    120.8790    506.2006    0.3650 0.0712 0.4028
MAU2 2014 314   -283.3114    121.5552    507.9391    0.4100 0.0800 0.4473
MAU2 2014 315   -282.1002    121.8577    505.8956    0.3816 0.0721 0.4203
MAU2 2014 316   -281.6417    122.2856    508.1899    0.3710 0.0701 0.4091
MAU2 2014 317   -282.1757    122.3950    510.8855    0.3810 0.0749 0.4213
MAU2 2014 318   -281.8243    123.4934    506.1496    0.6639 0.1303 0.7380
MAU2 2014 319   -284.1743    122.1141    507.6437    0.3471 0.0664 0.3874
MAU2 2014 320   -284.0825    124.7491    507.9047    0.3589 0.0706 0.4011
MAU2 2014 321   -282.4781    125.6642    507.8603    0.3693 0.0728 0.4149
MAU2 2014 322   -290.7015    123.5356    514.6236    0.3811 0.0762 0.4301
MAU2 2014 323   -287.2868    123.6862    517.2584    0.3672 0.0728 0.4205
MAU2 2014 324   -288.3604    125.9964    514.1632    0.3868 0.0755 0.4297
MAU2 2014 325   -286.0384    124.8500    518.9405    0.3617 0.0724 0.4007
MAU2 2014 326   -288.2718    123.8944    516.2978    0.3417 0.0645 0.3772
MAU2 2014 327   -290.1076    123.9946    514.2428    0.3500 0.0657 0.3837
MAU2 2014 328   -286.1055    122.7762    512.4211    0.3706 0.0735 0.4067
MAU2 2014 329   -284.7888    125.0196    517.2260    0.3733 0.0726 0.4086
MAU2 2014 330   -285.4181    124.9464    517.1810    0.3458 0.0659 0.3793
MAU2 2014 331   -288.4803    126.2566    521.1871    0.3661 0.0702 0.3996
MAU2 2014 332   -289.9220    125.4581    522.2828    0.3453 0.0639 0.3777
MAU2 2014 333   -287.7273    125.1631    523.4157    0.3596 0.0670 0.3944
MAU2 2014 334   -288.4753    123.8664    517.4050    0.3859 0.0787 0.4226
MAU2 2014 335   -283.0858    124.9513    522.3253    0.3627 0.0673 0.4005
MAU2 2014 336   -285.9979    125.7121    519.8969    0.3618 0.0675 0.4023
MAU2 2014 337   -289.2732    125.8082    520.9736    0.3435 0.0623 0.3837
MAU2 2014 338   -288.5376    126.6417    520.1731    0.3647 0.0675 0.4057
MAU2 2014 339   -287.9401    127.7429    524.7412    0.3517 0.0651 0.3842
MAU2 2014 340   -290.9196    127.2142    524.0468    0.3688 0.0694 0.4062
MAU2 2014 341   -289.6361    124.9988    525.6012    0.3969 0.0813 0.4363
MAU2 2014 342   -289.4359    126.0162    521.0697    0.4113 0.0774 0.4504
MAU2 2014 343   -293.6500    125.7541    521.0207    0.3849 0.0731 0.4218
MAU2 2014 344   -290.3360    128.1357    521.8106    0.4198 0.0820 0.4572
MAU2 2014 345   -290.9398    124.7312    519.2724    0.3927 0.0748 0.4264
MAU2 2014 346   -290.6710    126.2670    524.9330    0.3809 0.0708 0.4176
MAU2 2014 347   -289.6908    126.1636    526.4787    0.3622 0.0641 0.3974
MAU2 2014 348   -291.8014    128.3053    531.1459    0.3763 0.0665 0.4138
MAU2 2014 349   -292.4877    126.9397    529.4077    0.3771 0.0677 0.4159
MAU2 2014 350   -292.1824    126.4862    527.9138    0.4081 0.0757 0.4511
MAU2 2014 351   -289.4047    126.2411    527.4221    0.3970 0.0723 0.4414
MAU2 2014 352   -292.7070    126.5867    530.6745    0.3689 0.0685 0.4104
MAU2 2014 353   -294.1433    127.4263    533.9155    0.3776 0.0679 0.4226
MAU2 2014 354   -296.8708    125.6541    528.3877    0.3793 0.0709 0.4216
MAU2 2014 355   -293.3146    126.7648    535.2059    0.3563 0.0669 0.3926
MAU2 2014 356   -293.8047    129.0544    537.2001    0.4188 0.0849 0.4496
MAU2 2014 357   -291.2861    127.7484    536.2435    0.3350 0.0646 0.3689
MAU2 2014 358   -290.2155    128.5816    536.7142    0.3463 0.0634 0.3756
MAU2 2014 359   -293.3137    128.8499    536.5781    0.3489 0.0652 0.3847
MAU2 2014 360   -292.0223    129.5173    539.6278    0.3938 0.0747 0.4289
MAU2 2014 361   -291.7372    129.3839    541.9841    0.3769 0.0710 0.4124
MAU2 2014 362   -292.3298    129.2368    535.6589    0.3841 0.0738 0.4220
MAU2 2014 363   -295.3034    129.5271    540.0083    0.4014 0.0769 0.4420
MAU2 2014 364   -298.5886    128.8972    535.7668    0.3766 0.0708 0.4144
MAU2 2014 365   -297.5966    127.9071    531.5935    0.4094 0.0835 0.4521
MAU2 2015 001   -295.7278    128.7451    529.3364    0.3826 0.0774 0.4233
MAU2 2015 002   -291.8484    127.8056    540.3624    0.3416 0.0654 0.3754
MAU2 2015 003   -292.9154    128.1240    540.3501    0.3457 0.0678 0.3809
MAU2 2015 004   -294.7613    129.2064    540.8000    0.3374 0.0657 0.3711
MAU2 2015 005   -296.4337    129.8759    544.1480    0.3866 0.0734 0.4226
MAU2 2015 006   -297.0051    130.8970    545.5970    0.4102 0.0768 0.4464
MAU2 2015 007   -295.4409    129.8754    540.7853    0.4091 0.0811 0.4394
MAU2 2015 008   -296.0311    129.7969    543.1420    0.3742 0.0724 0.4088
MAU2 2015 009   -295.5522    129.5794    543.4356    0.3826 0.0725 0.4165
MAU2 2015 010   -297.2857    129.6709    540.2302    0.4199 0.0779 0.4571
MAU2 2015 011   -296.0322    130.9166    543.9222    0.3537 0.0652 0.3847
MAU2 2015 012   -295.5750    131.1334    544.3911    0.3413 0.0653 0.3747
MAU2 2015 013   -295.1572    130.4280    547.6283    0.3614 0.0684 0.3986
MAU2 2015 014   -296.4989    131.4119    549.3873    0.3620 0.0686 0.3993
MAU2 2015 015   -296.6023    130.5128    547.8776    0.3432 0.0648 0.3778
MAU2 2015 016   -298.1351    132.2834    550.2812    0.3966 0.0761 0.4352
MAU2 2015 017   -295.6974    131.1233    548.3697    0.3790 0.0716 0.4188
MAU2 2015 018   -297.6942    131.2167    548.3606    0.4149 0.0814 0.4603
MAU2 2015 019   -298.4188    131.1442    546.0005    0.3734 0.0711 0.4117
MAU2 2015 020   -296.3879    131.2646    554.4601    0.3612 0.0691 0.3980
MAU2 2015 021   -299.8154    134.4399    555.1868    0.3645 0.0692 0.4015
MAU2 2015 022   -298.2809    133.2925    548.8874    0.3621 0.0695 0.3981
MAU2 2015 023   -297.6165    134.1381    552.0451    0.3559 0.0695 0.3899
MAU2 2015 024   -299.9876    132.0586    552.8261    0.3819 0.0746 0.4238
MAU2 2015 025   -298.1945    132.2680    549.4178    0.3695 0.0705 0.4059
MAU2 2015 026   -300.0097    132.5273    552.7776    0.3979 0.0750 0.4369
MAU2 2015 027   -299.6424    132.4688    551.7742    0.3614 0.0690 0.3961
MAU2 2015 028   -299.7263    131.7792    557.5887    0.3287 0.0628 0.3612
MAU2 2015 029   -299.6374    134.2467    561.1411    0.3667 0.0732 0.4067
MAU2 2015 030   -299.1298    133.5906    558.6136    0.3492 0.0696 0.3863
MAU2 2015 031   -298.5423    134.2920    557.1323    0.3652 0.0720 0.3994
MAU2 2015 032   -299.9056    134.0646    554.7325    0.3851 0.0742 0.4246
MAU2 2015 033   -302.4688    135.1069    560.0785    0.4063 0.0827 0.4501
MAU2 2015 034   -302.6221    132.7244    558.9929    0.4328 0.0862 0.4749
MAU2 2015 035   -300.9079    133.8626    556.7292    0.3970 0.0790 0.4282
MAU2 2015 036   -300.4112    133.6701    559.0663    0.3980 0.0820 0.4353
MAU2 2015 037   -300.5775    134.1545    558.5723    0.3941 0.0797 0.4354
MAU2 2015 038   -302.2751    134.6003    558.1561    0.4111 0.0836 0.4474
MAU2 2015 039   -306.6235    132.4428    555.2018    0.4241 0.0837 0.4588
MAU2 2015 040   -310.3742    133.3377    563.0750    0.3682 0.0711 0.4008
MAU2 2015 041   -303.3227    132.1282    561.6465    0.3510 0.0670 0.3829
MAU2 2015 042   -304.2576    133.0126    563.4426    0.3604 0.0681 0.3926
MAU2 2015 043   -302.9856    132.3403    564.4986    0.3714 0.0716 0.4062
MAU2 2015 044   -302.5269    135.0031    562.6419    0.3569 0.0729 0.3897
MAU2 2015 045   -304.0457    134.1547    567.0350    0.3815 0.0791 0.4245
MAU2 2015 046   -305.4087    135.3066    561.2614    0.3966 0.0798 0.4377
MAU2 2015 047   -304.4279    135.9391    561.5959    0.3608 0.0693 0.3944
MAU2 2015 048   -303.9485    137.0703    561.4471    0.3841 0.0768 0.4191
MAU2 2015 049   -304.6961    135.5539    558.8883    0.3863 0.0789 0.4207
MAU2 2015 050   -304.4693    135.1669    559.6184    0.3429 0.0705 0.3756
MAU2 2015 051   -308.4234    135.7748    562.3348    0.3459 0.0666 0.3738
MAU2 2015 052   -306.5501    134.9103    562.8045    0.3452 0.0651 0.3739
MAU2 2015 053   -307.2394    136.5725    553.7227    0.3642 0.0699 0.3959
MAU2 2015 054   -307.3747    136.8578    565.0314    0.3595 0.0682 0.3897
MAU2 2015 055   -308.2439    138.3088    560.5992    0.3904 0.0743 0.4228
MAU2 2015 056   -310.8919    135.8321    569.4246    0.4089 0.0798 0.4461
MAU2 2015 057   -306.6547    136.4922    562.4699    0.3699 0.0712 0.4035
MAU2 2015 058   -304.7375    139.3186    566.4556    0.3670 0.0708 0.4016
MAU2 2015 059   -307.4520    138.2628    564.4680    0.3705 0.0705 0.4051
MAU2 2015 060   -310.6814    136.5513    561.3925    0.4107 0.0861 0.4394
MAU2 2015 061   -309.7957    135.7985    560.5136    0.3699 0.0731 0.4065
MAU2 2015 062   -312.1037    136.4291    566.8697    0.3904 0.0793 0.4269
MAU2 2015 063   -310.9106    137.0269    566.0715    0.3521 0.0687 0.3817
MAU2 2015 064   -310.5411    137.7713    568.6641    0.3585 0.0695 0.3875
MAU2 2015 065   -310.5985    138.4203    565.6160    0.3511 0.0683 0.3796
MAU2 2015 066   -309.9180    138.0547    569.2251    0.3975 0.0818 0.4286
MAU2 2015 068   -311.4942    137.7641    568.2705    0.4043 0.0808 0.4337
MAU2 2015 069   -308.5239    139.1368    568.8525    0.3883 0.0787 0.4217
MAU2 2015 070   -310.5217    137.6878    568.3540    0.3868 0.0758 0.4183
MAU2 2015 071   -312.7770    140.6472    572.1231    0.3939 0.0762 0.4250
MAU2 2015 072   -314.6623    137.5846    570.1493    0.3930 0.0767 0.4254
MAU2 2015 073   -313.5985    137.3951    571.3003    0.3521 0.0692 0.3827
MAU2 2015 074   -311.9220    137.8636    572.4269    0.3779 0.0742 0.4112
MAU2 2015 075   -313.7869    138.8486    574.6457    0.3742 0.0747 0.4081
MAU2 2015 076   -313.8013    138.8966    573.4151    0.3683 0.0743 0.4027
MAU2 2015 077   -312.7976    140.3480    571.3951    0.3531 0.0710 0.3861
MAU2 2015 078   -315.6433    139.6249    572.3592    0.3943 0.0790 0.4288
MAU2 2015 079   -317.9687    141.4406    574.2474    0.3884 0.0795 0.4213
MAU2 2015 080   -315.5475    140.1332    575.3053    0.3557 0.0714 0.3834
MAU2 2015 081   -315.3530    139.4405    575.5511    0.3589 0.0713 0.3838
MAU2 2015 082   -315.7666    138.5015    577.9734    0.3530 0.0711 0.3787
MAU2 2015 083   -315.4150    137.3753    576.4728    0.3356 0.0660 0.3577
MAU2 2015 084   -312.3482    138.2644    576.5949    0.3507 0.0704 0.3762
MAU2 2015 085   -312.0781    139.0170    572.7140    0.3736 0.0766 0.4058
MAU2 2015 086   -315.1574    138.7008    575.5920    0.3373 0.0663 0.3622
MAU2 2015 087   -318.1497    138.7488    576.0323    0.3403 0.0680 0.3646
MAU2 2015 088   -317.0305    141.7527    583.4248    0.3731 0.0731 0.4032
MAU2 2015 089   -321.2004    137.8055    583.7613    0.3751 0.0742 0.4060
MAU2 2015 090   -317.4362    137.9168    581.9758    0.3500 0.0691 0.3811
MAU2 2015 091   -325.9685    139.7017    581.0556    0.3657 0.0726 0.3960
MAU2 2015 092   -324.5049    139.2460    577.2758    0.3543 0.0705 0.3826
MAU2 2015 093   -322.5372    138.1113    581.0669    0.3557 0.0709 0.3839
MAU2 2015 094   -321.3539    138.6122    585.9632    0.3508 0.0702 0.3769
MAU2 2015 095   -319.8766    139.3846    588.6742    0.3414 0.0684 0.3653
MAU2 2015 096   -320.6250    138.9788    584.6149    0.3349 0.0655 0.3575
MAU2 2015 097   -322.2290    140.8737    585.6364    0.3638 0.0722 0.3897
MAU2 2015 098   -321.3864    137.3307    584.3034    0.3607 0.0701 0.3859
MAU2 2015 099   -320.5387    138.6134    589.5012    0.3421 0.0661 0.3669
MAU2 2015 100   -323.4428    138.8731    586.3493    0.3536 0.0699 0.3827
MAU2 2015 101   -320.6456    139.3642    588.2183    0.3414 0.0658 0.3711
MAU2 2015 102   -325.5610    141.3656    589.8147    0.3628 0.0706 0.3875
MAU2 2015 103   -326.4428    143.9309    601.0246    0.3782 0.0720 0.4073
MAU2 2015 104   -321.6286    141.5600    594.5587    0.3819 0.0710 0.4181
MAU2 2015 105   -322.2240    141.4913    596.3777    0.3731 0.0709 0.4105
MAU2 2015 106   -323.8674    139.8522    588.5371    0.6587 0.1264 0.7166
MAU2 2015 107   -324.3604    140.1334    586.9051    0.7310 0.1412 0.7941
MAU2 2015 108   -327.5293    141.2674    599.7483    0.4981 0.0944 0.5420
MAU2 2015 109   -326.8184    144.9511    592.1711    0.6586 0.1238 0.7178
MAU2 2015 110   -328.0695    145.0004    595.8394    0.6032 0.1160 0.6519
MAU2 2015 111   -324.2114    143.8499    592.8340    0.4543 0.0864 0.4873
MAU2 2015 112   -324.2209    144.8230    594.4353    0.4086 0.0765 0.4373
MAU2 2015 113   -326.2791    144.4546    596.2672    0.4727 0.0883 0.5101
MAU2 2015 114   -324.4588    144.1584    597.1090    0.3977 0.0740 0.4298
MAU2 2015 115   -326.3147    144.0811    597.6188    0.5826 0.1084 0.6275
MAU2 2015 116   -324.9601    145.2476    595.1423    0.4375 0.0809 0.4749
MAU2 2015 117   -327.9830    145.0142    596.8105    0.3687 0.0693 0.4030
MAU2 2015 118   -328.3784    146.4140    594.9375    1.2505 0.2368 0.9828
MAU2 2015 119   -330.0729    146.3985    593.2451    1.0901 0.2060 0.8512
MAU2 2015 120   -332.0212    145.6779    602.4083    1.4460 0.2686 1.1264
MAU2 2015 121   -323.1188    145.8652    607.0445    1.3241 0.2211 1.1561
MAU2 2015 122   -329.0500    145.0925    594.8976    2.1035 0.3729 1.6250
MAU2 2015 123   -327.7016    146.7409    593.9171    1.6812 0.3151 1.0804
MAU2 2015 124   -329.9075    149.2941    600.6698    1.4075 0.2529 1.1238
MAU2 2015 125   -326.8985    148.9037    600.2198    2.1354 0.3834 1.7497
MAU2 2015 126   -325.0349    148.8822    600.9248    1.8114 0.2929 1.5840
MAU2 2015 127   -328.6388    149.6888    599.5389    2.1528 0.3957 1.7469
MAU2 2015 128   -331.7813    149.3934    605.2058    1.5377 0.2917 1.2305
MAU2 2015 129   -333.6665    149.6846    604.2880    0.9612 0.1877 0.7743
MAU2 2015 130   -327.6768    147.2573    606.3205    0.8856 0.1774 0.7104
MAU2 2015 131   -328.1255    145.5519    607.9406    0.8970 0.1822 0.7220
MAU2 2015 132   -331.6231    148.8064    604.2029    0.9654 0.1952 0.7617
MAU2 2015 133   -329.1506    147.3865    606.6073    0.9288 0.1974 0.7320
MAU2 2015 134   -332.7892    147.3110    606.5341    1.1419 0.2265 0.8150
MAU2 2015 135   -337.2193    147.6167    609.0426    0.9149 0.1856 0.7293
MAU2 2015 136   -331.9861    147.3739    613.4117    0.9587 0.1910 0.7831
MAU2 2015 137   -332.6273    148.4722    605.9643    1.8484 0.3578 1.4733
MAU2 2015 138   -334.0670    148.2541    609.0993    1.9810 0.3792 1.6074
MAU2 2015 139   -335.4899    148.0144    614.3359    2.2262 0.4109 1.8592
MAU2 2015 140   -333.4889    153.4940    608.8771    2.5411 0.4895 2.1006
MAU2 2015 141   -338.2159    149.6224    610.8093    1.6226 0.3173 1.3525
MAU2 2015 142   -338.1107    146.2387    606.4483    1.4291 0.2845 1.1924
MAU2 2015 143   -339.7985    147.1653    613.2921    1.8215 0.3654 1.5066
MAU2 2015 144   -332.0224    148.1398    612.5393    1.8380 0.3881 1.2505
MAU2 2015 152   -342.9204    150.4413    615.1747    2.9306 0.5615 2.3370
MAU2 2015 153   -337.8315    149.3444    622.4017    3.5634 0.6826 2.9468
MAU2 2015 154   -338.5787    149.9269    616.8644    3.1773 0.6066 2.6659
MAU2 2015 155   -344.4810    151.4133    626.2525    3.0086 0.5745 2.5557
MAU2 2015 156   -339.9125    147.3877    622.3471    1.5129 0.2689 1.3943
MAU2 2015 157   -343.9855    148.0346    616.6349    4.0609 0.8018 3.4445
MAU2 2015 158   -338.8284    146.8299    621.8968    1.5245 0.3088 1.2827
MAU2 2015 159   -337.6698    144.6991    626.3353    1.3416 0.2770 1.1173
MAU2 2015 160   -342.9510    143.6485    615.0316    1.5216 0.3189 1.2461
MAU2 2015 161   -339.4909    149.4287    622.2272    1.4358 0.3045 1.1606
MAU2 2015 162   -338.9948    147.8158    620.6643    0.4971 0.0928 0.5533
MAU2 2015 163   -337.6898    147.7290    626.8007    0.4185 0.0782 0.4655
MAU2 2015 164   -340.6339    149.2658    624.9012    0.4017 0.0744 0.4492
MAU2 2015 165   -340.2139    148.7261    622.3855    0.4884 0.0919 0.5469
MAU2 2015 166   -340.6630    147.8918    622.4355    0.4903 0.0933 0.5451
MAU2 2015 167   -338.6642    149.0839    627.9542    0.4377 0.0817 0.4811
MAU2 2015 168   -338.4379    149.0241    625.3774    0.3471 0.0655 0.3835
MAU2 2015 169   -339.9827    149.0746    627.0146    0.3493 0.0662 0.3866
MAU2 2015 170   -342.3409    148.9792    627.8820    0.5675 0.1054 0.6254
MAU2 2015 171   -340.6157    149.6465    629.2213    0.6464 0.1190 0.7028
MAU2 2015 172   -344.0800    149.0919    628.8176    0.5070 0.0932 0.5547
MAU2 2015 173   -344.0688    147.7895    628.3873    0.4269 0.0790 0.4681
MAU2 2015 174   -344.1686    148.8964    625.0813    0.4710 0.0920 0.5163
MAU2 2015 175   -342.3767    151.4030    632.9382    0.3630 0.0698 0.3985
MAU2 2015 176   -344.4806    149.9839    631.7359    0.4174 0.0790 0.4634
MAU2 2015 177   -345.1928    149.0040    629.7324    0.3871 0.0735 0.4294
MAU2 2015 178   -345.5386    149.1661    629.4836    0.4596 0.0870 0.5079
MAU2 2015 179   -344.4853    149.8012    633.7265    0.4056 0.0770 0.4448
MAU2 2015 180   -343.3589    150.0371    633.8874    0.4019 0.0756 0.4434
MAU2 2015 181   -347.8279    149.6070    630.4444    0.4858 0.0932 0.5353
MAU2 2015 182   -347.6791    150.4914    631.6400    0.4454 0.0841 0.4883
MAU2 2015 183   -347.1252    148.7450    632.3883    0.5594 0.1061 0.6070
MAU2 2015 184   -346.4540    149.0826    638.9937    0.4645 0.0869 0.5048
MAU2 2015 185   -347.4751    149.9880    639.6691    0.5399 0.0996 0.5897
MAU2 2015 186   -345.4042    148.7498    640.6633    0.3699 0.0696 0.4017
MAU2 2015 187   -348.3955    150.4679    637.0373    0.4726 0.0871 0.5105
MAU2 2015 188   -350.9285    149.4690    639.4720    0.3867 0.0710 0.4210
MAU2 2015 189   -354.2522    151.6700    641.4730    0.5719 0.1043 0.6193
MAU2 2015 190   -351.5342    150.7246    636.2011    0.5446 0.1003 0.5887
MAU2 2015 191   -350.0948    150.0607    636.2802    0.4245 0.0790 0.4601
MAU2 2015 192   -349.5105    150.0535    642.5176    0.3723 0.0693 0.4082
MAU2 2015 193   -350.9550    151.6240    642.9557    0.3781 0.0699 0.4155
MAU2 2015 194   -351.5252    151.4789    641.7593    0.3907 0.0731 0.4265
MAU2 2015 195   -349.0845    151.5527    641.7937    0.3784 0.0713 0.4124
MAU2 2015 196   -352.5782    150.5273    638.2792    0.3762 0.0701 0.4113
MAU2 2015 197   -352.6244    151.4638    641.6203    0.3811 0.0714 0.4188
MAU2 2015 198   -353.2114    151.6640    641.1001    0.3878 0.0733 0.4225
MAU2 2015 199   -351.5412    151.0887    647.3626    0.3808 0.0713 0.4136
MAU2 2015 200   -350.4411    151.1197    641.7243    0.3239 0.0605 0.3530
MAU2 2015 201   -351.6267    150.9739    643.8716    0.3599 0.0667 0.3948
MAU2 2015 202   -353.1640    151.5931    641.5459    0.3780 0.0728 0.4089
MAU2 2015 203   -353.1791    152.3341    642.9434    0.3521 0.0664 0.3840
MAU2 2015 204   -352.0485    152.0051    646.6037    0.3356 0.0627 0.3687
MAU2 2015 205   -354.0269    154.0787    646.1873    0.3445 0.0651 0.3786
MAU2 2015 206   -359.1306    154.0699    655.3041    0.3514 0.0674 0.3860
MAU2 2015 207   -356.8209    152.2107    650.2190    0.3573 0.0685 0.3902
MAU2 2015 208   -354.0359    152.0529    647.5054    0.3628 0.0685 0.3982
MAU2 2015 209   -355.1073    147.0935    649.9615    0.3658 0.0696 0.4000
MAU2 2015 210   -355.9369    152.7270    655.1633    0.3516 0.0677 0.3822
MAU2 2015 211   -354.5648    151.4180    650.6705    0.3611 0.0684 0.3917
MAU2 2015 212   -358.1518    151.2997    648.5058    0.3787 0.0716 0.4108
MAU2 2015 213   -355.2162    148.6864    649.9966    0.3907 0.0743 0.4243
MAU2 2015 214   -355.9279    150.5910    653.1108    0.4015 0.0768 0.4336
MAU2 2015 215   -356.8958    150.5232    652.7687    0.3784 0.0727 0.4071
MAU2 2015 216   -358.6005    153.0269    657.2841    0.3742 0.0714 0.4049
MAU2 2015 217   -360.3464    153.1900    659.5939    0.3918 0.0753 0.4264
MAU2 2015 218   -354.7861    152.1403    655.6222    0.3816 0.0734 0.4103
MAU2 2015 219   -357.5694    152.1566    654.8235    0.3959 0.0758 0.4293
MAU2 2015 220   -358.5839    150.9908    657.3066    0.4035 0.0764 0.4389
MAU2 2015 221   -361.2251    155.0139    652.3699    0.4169 0.0800 0.4553
MAU2 2015 222   -360.6518    153.8772    647.9296    0.3917 0.0755 0.4258
MAU2 2015 223   -360.3358    153.2291    647.9181    0.3763 0.0719 0.4073
MAU2 2015 224   -358.5214    154.3941    651.6046    0.3912 0.0748 0.4273
MAU2 2015 225   -360.1146    153.8710    653.3653    0.4017 0.0753 0.4357
MAU2 2015 226   -360.2147    154.9352    651.5492    0.3822 0.0730 0.4104
MAU2 2015 227   -362.1747    154.6411    653.1462    0.3718 0.0703 0.4017
MAU2 2015 228   -359.8930    154.1373    654.7469    0.3879 0.0789 0.4194
MAU2 2015 229   -360.7893    154.4547    659.0547    0.3799 0.0724 0.4092
MAU2 2015 230   -360.7802    154.0050    651.8146    0.4334 0.0818 0.4723
MAU2 2015 231   -361.0092    153.6674    654.6467    0.3939 0.0755 0.4262
MAU2 2015 232   -361.0575    155.2669    657.7025    0.3956 0.0746 0.4271
MAU2 2015 233   -362.5336    155.3961    657.0183    0.3975 0.0758 0.4340
MAU2 2015 234   -363.2663    154.1279    653.4485    0.3722 0.0712 0.4031
MAU2 2015 235   -366.1891    156.3219    656.9818    0.3597 0.0676 0.3915
MAU2 2015 236   -367.2635    155.5512    662.4392    0.3690 0.0683 0.4032
MAU2 2015 237   -363.6912    156.6271    661.3075    0.3876 0.0724 0.4253
MAU2 2015 238   -364.4005    154.6992    660.8221    0.3813 0.0729 0.4154
MAU2 2015 239   -369.1225    155.2542    660.5279    0.3936 0.0774 0.4303
MAU2 2015 240   -363.7432    150.5417    662.1054    0.4320 0.0853 0.4714
MAU2 2015 241   -364.9193    154.0207    658.2317    0.3812 0.0725 0.4164
MAU2 2015 242   -363.6947    152.5140    657.6690    0.3692 0.0709 0.3993
MAU2 2015 243   -366.7885    156.0299    657.1359    0.3708 0.0696 0.4032
MAU2 2015 244   -365.0725    155.7899    656.9204    0.3505 0.0671 0.3816
MAU2 2015 245   -365.8320    156.4300    662.2626    0.3437 0.0660 0.3760
MAU2 2015 246   -365.5957    155.5458    663.1001    0.3463 0.0674 0.3775
MAU2 2015 247   -365.0975    155.9498    662.9442    0.3443 0.0681 0.3740
MAU2 2015 248   -365.7586    156.1551    666.6275    0.3440 0.0661 0.3768
MAU2 2015 249   -368.3127    157.1490    665.3565    0.3514 0.0678 0.3858
MAU2 2015 250   -369.8948    159.2061    662.4174    0.3701 0.0719 0.4039
MAU2 2015 251   -370.0918    158.3246    657.5558    0.3641 0.0703 0.4004
MAU2 2015 252   -371.3449    157.9941    665.2531    0.3507 0.0671 0.3866
MAU2 2015 253   -370.1162    157.2528    663.3392    0.3507 0.0672 0.3849
MAU2 2015 254   -368.3464    157.0098    665.5873    0.3669 0.0712 0.4059
MAU2 2015 255   -368.8558    157.2939    668.5184    0.3451 0.0655 0.3740
MAU2 2015 256   -369.3049    157.1611    669.4662    0.3282 0.0633 0.3615
MAU2 2015 257   -371.5118    156.4408    673.9252    0.3366 0.0645 0.3678
MAU2 2015 258   -369.5967    159.1246    671.9461    0.3439 0.0660 0.3730
MAU2 2015 259   -371.3622    158.2088    673.8429    0.3353 0.0639 0.3616
MAU2 2015 260   -370.4851    157.5849    671.1237    0.3311 0.0634 0.3615
MAU2 2015 261   -371.1436    156.2569    670.6570    0.3498 0.0674 0.3817
MAU2 2015 262   -370.8242    155.2917    670.9363    0.3497 0.0682 0.3805
MAU2 2015 263   -375.4515    156.8858    675.9101    0.3492 0.0681 0.3794
MAU2 2015 264   -374.0358    156.0679    673.6399    0.3473 0.0670 0.3827
MAU2 2015 265   -373.6404    157.5027    675.8050    0.3368 0.0650 0.3686
MAU2 2015 266   -374.1233    158.4889    676.0580    0.3531 0.0684 0.3850
MAU2 2015 267   -374.3204    157.3272    679.1481    0.3469 0.0673 0.3799
MAU2 2015 268   -374.4422    157.4312    677.8521    0.3511 0.0671 0.3845
MAU2 2015 269   -372.9523    156.7643    676.2457    0.3614 0.0700 0.3959
MAU2 2015 270   -378.3782    156.4509    674.7155    0.3783 0.0731 0.4120
MAU2 2015 271   -376.5492    156.4954    674.3974    0.3768 0.0747 0.4098
MAU2 2015 272   -377.0531    157.4398    677.2210    0.3453 0.0674 0.3802
MAU2 2015 273   -380.4038    158.4827    676.1988    0.3618 0.0705 0.3947
MAU2 2015 274   -374.7804    158.9158    677.5698    0.3531 0.0686 0.3823
MAU2 2015 275   -372.6022    157.9125    676.6742    0.3597 0.0680 0.3895
MAU2 2015 276   -371.4624    158.3810    679.1179    0.3554 0.0682 0.3899
MAU2 2015 277   -372.8646    161.5338    680.2135    0.3993 0.0754 0.4416
MAU2 2015 278   -371.5030    160.3920    675.1209    0.3713 0.0711 0.4046
MAU2 2015 279   -373.0604    161.7593    684.4132    0.3671 0.0706 0.3988
MAU2 2015 280   -368.5341    161.7308    674.8540    0.3571 0.0674 0.3953
MAU2 2015 281   -370.4681    162.6565    679.1318    0.3393 0.0644 0.3748
MAU2 2015 282   -369.6080    162.7114    681.6781    0.3570 0.0677 0.3926
MAU2 2015 283   -370.0809    162.7682    679.2794    0.3458 0.0644 0.3798
MAU2 2015 284   -368.3540    163.1016    683.3986    0.3502 0.0653 0.3862
MAU2 2015 285   -371.4179    163.5099    685.4763    0.3565 0.0670 0.3942
MAU2 2015 286   -373.8081    163.4893    690.4015    0.3637 0.0682 0.3982
MAU2 2015 287   -373.1195    163.7101    687.1033    0.3404 0.0649 0.3723
MAU2 2015 288   -372.4966    162.7071    679.6046    0.3544 0.0670 0.3920
MAU2 2015 289   -367.8431    164.5917    680.8217    0.3309 0.0626 0.3648
MAU2 2015 290   -367.1837    164.0777    681.8909    0.3481 0.0691 0.3826
MAU2 2015 291   -368.1297    165.1574    682.9560    0.3658 0.0691 0.4046
MAU2 2015 292   -370.7310    165.4320    682.7438    0.3598 0.0683 0.3991
MAU2 2015 293   -367.9229    165.2892    686.4072    0.3664 0.0721 0.4112
MAU2 2015 294   -370.0138    165.2867    685.2555    0.3928 0.0808 0.4313
MAU2 2015 295   -368.0549    166.0889    686.0223    0.3576 0.0686 0.3999
MAU2 2015 296   -368.4098    166.0887    683.6850    0.3475 0.0689 0.3920
MAU2 2015 297   -368.8630    166.5178    684.8986    0.3463 0.0672 0.3834
MAU2 2015 298   -369.8889    166.1291    681.0538    0.3639 0.0707 0.4011
MAU2 2015 299   -368.9997    165.8050    685.9820    0.3597 0.0706 0.3982
MAU2 2015 300   -371.0728    165.7248    689.8381    0.3547 0.0691 0.3930
MAU2 2015 301   -371.8164    166.3304    687.9499    0.3678 0.0713 0.4032
MAU2 2015 302   -373.9723    167.6407    690.6346    0.3602 0.0737 0.3955
MAU2 2015 303   -374.0235    166.2945    687.4668    0.3490 0.0703 0.3952
MAU2 2015 304   -371.3919    166.5052    688.7083    0.3325 0.0637 0.3680
MAU2 2015 305   -370.3992    168.6331    687.3669    0.3494 0.0654 0.3851
MAU2 2015 306   -371.0670    169.3362    686.0243    0.3630 0.0706 0.4012
MAU2 2015 307   -371.0925    168.5078    695.0711    0.3693 0.0714 0.4021
MAU2 2015 308   -372.3020    168.7343    691.1498    0.3583 0.0678 0.3948
MAU2 2015 309   -372.9836    169.2210    694.1191    0.3742 0.0754 0.4103
MAU2 2015 310   -373.8206    169.0692    692.4079    0.3779 0.0757 0.4078
MAU2 2015 311   -373.4369    169.2043    693.4114    0.3695 0.0689 0.4077
MAU2 2015 312   -375.7709    169.3508    691.1398    0.3647 0.0703 0.4013
MAU2 2015 313   -373.6041    166.6120    692.3115    0.3689 0.0706 0.3999
MAU2 2015 314   -373.9906    167.9716    697.6174    0.3828 0.0739 0.4133
MAU2 2015 315   -376.4743    168.7892    704.0182    0.3791 0.0737 0.4122
MAU2 2015 316   -376.5168    169.4581    701.6691    0.3895 0.0766 0.4259
MAU2 2015 317   -375.4333    170.0026    696.2170    0.3722 0.0731 0.4021
MAU2 2015 318   -378.1472    169.3207    700.1288    0.3633 0.0730 0.3885
MAU2 2015 319   -383.6677    172.4724    696.7710    0.3630 0.0687 0.3977
MAU2 2015 320   -378.5720    169.4033    698.1823    0.3714 0.0731 0.4068
MAU2 2015 321   -381.7725    169.3220    696.4236    0.3994 0.0760 0.4313
MAU2 2015 322   -379.9527    164.2605    688.6601    0.3710 0.0719 0.4037
MAU2 2015 323   -378.1978    168.7631    696.3781    0.3517 0.0663 0.3846
MAU2 2015 325   -379.9197    169.9429    693.2542    0.3768 0.0787 0.4138
MAU2 2015 326   -382.3591    171.3477    700.2176    0.3786 0.0755 0.4103
MAU2 2015 327   -381.0703    171.4273    700.2526    0.3801 0.0717 0.4182
MAU2 2015 328   -381.4953    170.4122    699.4024    0.3701 0.0707 0.4030
MAU2 2015 329   -381.2580    170.5223    701.1016    0.3691 0.0714 0.3975
MAU2 2015 330   -378.6553    171.9700    700.5081    0.3775 0.0742 0.4056
MAU2 2015 331   -380.4973    170.6064    703.4347    0.3849 0.0761 0.4127
MAU2 2015 332   -378.7547    169.9276    703.3576    0.3541 0.0686 0.3834
MAU2 2015 333   -377.4199    170.3637    704.8159    0.3541 0.0690 0.3813
MAU2 2015 334   -380.7632    172.1009    699.7499    0.3807 0.0758 0.4110
MAU2 2015 335   -379.6085    172.8529    710.2465    0.3711 0.0718 0.4081
MAU2 2015 336   -376.2623    168.8080    709.3037    0.4003 0.0771 0.4367
MAU2 2015 337   -377.9673    171.1339    702.3938    0.3990 0.0773 0.4314
MAU2 2015 338   -377.0766    172.5245    706.4231    0.4000 0.0772 0.4324
MAU2 2015 339   -379.3270    171.4262    711.6213    0.3671 0.0717 0.3986
MAU2 2015 340   -378.2080    172.3551    708.1767    0.3777 0.0752 0.4136
MAU2 2015 341   -384.7082    172.4394    709.0696    0.3742 0.0760 0.4037
MAU2 2015 342   -383.4198    171.3884    709.8958    0.3744 0.0771 0.4064
MAU2 2015 343   -382.1171    170.6263    712.1621    0.3565 0.0728 0.3887
MAU2 2015 344   -380.6863    171.6270    708.2314    0.3707 0.0731 0.4027
MAU2 2015 345   -383.9153    170.7956    709.2797    0.3569 0.0705 0.3798
MAU2 2015 346   -384.8372    170.3454    707.7292    0.3803 0.0759 0.4047
MAU2 2015 347   -384.3206    173.3889    713.6943    0.3801 0.0745 0.4071
MAU2 2015 348   -386.2373    171.5099    714.3271    0.3867 0.0772 0.4163
MAU2 2015 349   -379.2420    173.0528    715.0766    0.3569 0.0711 0.3785
MAU2 2015 350   -387.1666    175.9857    721.7394    0.3700 0.0742 0.3983
MAU2 2015 351   -387.1241    172.3911    714.5199    0.3692 0.0727 0.3982
MAU2 2015 352   -381.8512    172.8889    712.8636    0.3618 0.0727 0.3855
MAU2 2015 353   -380.3206    173.3516    714.0230    0.3609 0.0723 0.3871
MAU2 2015 354   -382.6084    174.0774    714.7301    0.3635 0.0713 0.3909
MAU2 2015 355   -387.0206    173.6314    723.8769    0.3824 0.0769 0.4142
MAU2 2015 356   -384.9215    171.5791    721.9916    0.4125 0.0851 0.4491
MAU2 2015 357   -384.6919    172.1710    720.2277    0.3906 0.0808 0.4168
MAU2 2015 358   -385.5046    173.3349    724.3756    0.3654 0.0735 0.3925
MAU2 2015 359   -384.7205    174.8276    721.0297    0.3648 0.0708 0.3944
MAU2 2015 360   -383.6608    174.9726    721.6076    0.3739 0.0728 0.4007
MAU2 2015 361   -382.4950    176.3040    719.4350    0.3648 0.0713 0.3864
MAU2 2015 362   -387.7384    176.5021    720.9165    0.3825 0.0748 0.4072
MAU2 2015 363   -385.1776    176.2047    720.5679    0.3870 0.0751 0.4144
MAU2 2015 364   -383.3379    177.1704    723.4791    0.4248 0.0829 0.4585
MAU2 2015 365   -384.7107    175.7993    728.3317    0.3672 0.0738 0.3885
MAU2 2016 002   -391.4583    176.0592    720.8110    0.4103 0.0801 0.4461
MAU2 2016 003   -384.2704    175.9512    719.7686    0.3880 0.0755 0.4225
MAU2 2016 004   -387.5452    176.6540    725.0816    0.3821 0.0736 0.4116
MAU2 2016 005   -385.1772    176.9192    726.9715    0.3470 0.0669 0.3754
MAU2 2016 006   -385.8337    176.9909    725.9514    0.3725 0.0753 0.4022
MAU2 2016 007   -385.4780    178.9988    731.8421    0.3650 0.0733 0.3976
MAU2 2016 008   -386.1632    175.8669    728.0560    0.3920 0.0810 0.4206
MAU2 2016 009   -387.3477    177.0053    727.0917    0.4554 0.0946 0.4912
MAU2 2016 010   -387.7490    176.3201    730.0416    0.4114 0.0799 0.4500
MAU2 2016 011   -384.2397    176.5961    728.5951    0.4469 0.0866 0.4858
MAU2 2016 012   -387.4612    175.3831    728.6303    0.3815 0.0740 0.4106
MAU2 2016 013   -384.7281    173.8284    732.1055    0.3866 0.0759 0.4187
MAU2 2016 014   -389.0489    173.6389    728.0233    0.4249 0.0822 0.4634
MAU2 2016 015   -389.7503    176.9586    734.1410    0.5341 0.1042 0.5843
MAU2 2016 016   -387.5033    175.2091    731.4514    0.3631 0.0734 0.3909
MAU2 2016 017   -390.0296    178.5629    731.4058    0.3644 0.0731 0.3978
MAU2 2016 018   -388.6376    179.4491    732.6487    0.3649 0.0720 0.4037
MAU2 2016 019   -387.3892    179.9527    733.6712    0.3578 0.0753 0.3936
MAU2 2016 020   -390.6228    180.7323    732.4109    0.4764 0.0992 0.5220
MAU2 2016 021   -389.0862    179.7261    732.0628    0.4908 0.0965 0.5343
MAU2 2016 022   -387.2438    179.1424    735.2101    0.4613 0.0917 0.5062
MAU2 2016 023   -388.2812    179.0285    738.2336    0.4223 0.0862 0.4621
MAU2 2016 024   -392.9421    178.9721    736.9277    0.4400 0.0889 0.4723
MAU2 2016 025   -393.1169    177.5204    732.8405    0.4249 0.0878 0.4617
MAU2 2016 026   -393.7178    181.0627    737.8636    0.4465 0.0859 0.4899
MAU2 2016 027   -399.1820    181.1610    723.3512    0.5416 0.1067 0.5809
MAU2 2016 028   -392.5099    179.5038    734.5074    0.4558 0.0873 0.4915
MAU2 2016 029   -388.7554    179.8834    729.2412    0.4956 0.0973 0.5348
MAU2 2016 030   -390.6957    179.3325    740.2932    0.4027 0.0772 0.4395
MAU2 2016 031   -387.1678    179.0731    739.7497    0.4408 0.0880 0.4729
MAU2 2016 032   -390.2744    180.6326    739.4779    0.5033 0.0976 0.5350
MAU2 2016 033   -393.1157    181.1684    749.3371    0.4635 0.0894 0.5073
MAU2 2016 034   -392.1881    182.6612    740.2290    0.4760 0.0898 0.5236
MAU2 2016 035   -398.0388    182.7058    747.3087    0.4489 0.0878 0.4909
MAU2 2016 036   -394.0987    178.9167    741.6439    0.4886 0.0963 0.5327
MAU2 2016 037   -392.7095    178.1545    742.3008    0.4470 0.0876 0.4852
MAU2 2016 038   -393.4862    180.6755    748.7650    0.4792 0.0920 0.5256
MAU2 2016 039   -392.0213    179.8863    743.6507    0.5117 0.1082 0.5546
MAU2 2016 040   -394.2194    178.9819    745.0528    0.3902 0.0781 0.4176
MAU2 2016 041   -390.8977    179.4523    745.9510    0.4470 0.0891 0.4836
MAU2 2016 042   -394.2456    180.2207    745.1417    0.5006 0.0964 0.5476
MAU2 2016 043   -393.7074    182.6576    751.8922    0.4937 0.0953 0.5387
MAU2 2016 044   -395.9336    179.5732    745.6266    0.4558 0.0895 0.4946
MAU2 2016 045   -394.4994    179.7476    748.1924    0.3853 0.0776 0.4032
MAU2 2016 046   -394.5216    179.5233    747.5867    0.4807 0.0939 0.5083
MAU2 2016 048   -396.6607    179.3065    743.0838    0.4525 0.0897 0.4911
MAU2 2016 049   -398.3635    182.7591    750.2436    0.4674 0.0946 0.4921
MAU2 2016 050   -395.4479    179.3496    748.8080    0.4015 0.0797 0.4306
MAU2 2016 051   -394.1270    180.3255    748.7766    0.4064 0.0785 0.4503
MAU2 2016 052   -395.5709    181.0189    748.8238    0.4130 0.0820 0.4480
MAU2 2016 053   -399.2363    181.5957    750.5557    0.4777 0.0955 0.5018
MAU2 2016 054   -395.0810    180.7190    750.9398    0.4752 0.0926 0.5092
MAU2 2016 055   -399.4439    179.7985    752.5463    0.4175 0.0820 0.4546
MAU2 2016 056   -399.5352    181.2920    752.1678    0.4019 0.0818 0.4267
MAU2 2016 057   -402.1428    179.6537    749.1751    0.4050 0.0811 0.4227
MAU2 2016 058   -399.6967    181.3605    751.6004    0.4017 0.0771 0.4321
MAU2 2016 059   -395.2481    181.6885    747.2876    0.3944 0.0756 0.4309
MAU2 2016 060   -396.6569    182.4642    747.1909    0.4099 0.0804 0.4414
MAU2 2016 061   -396.4688    182.0991    753.2363    0.4201 0.0836 0.4429
MAU2 2016 062   -397.4931    183.0642    752.4492    0.4128 0.0829 0.4428
MAU2 2016 063   -396.3509    182.4364    754.8040    0.3807 0.0762 0.4180
MAU2 2016 064   -396.1472    182.1193    754.3463    0.3812 0.0786 0.4096
MAU2 2016 065   -395.5503    182.9292    751.0301    0.4276 0.0868 0.4455
MAU2 2016 066   -400.3149    181.5059    756.0324    0.4677 0.0927 0.5032
MAU2 2016 067   -399.8450    180.5508    752.4794    0.4393 0.0835 0.4766
MAU2 2016 068   -398.5402    180.2620    754.4078    0.4051 0.0824 0.4248
MAU2 2016 069   -399.6063    181.0724    752.5466    0.3671 0.0730 0.3854
MAU2 2016 070   -400.5226    179.6411    756.3249    0.3744 0.0746 0.4008
MAU2 2016 071   -397.8595    180.7463    759.7257    0.4052 0.0806 0.4435
MAU2 2016 072   -397.6006    181.0320    753.1978    0.4507 0.0923 0.4785
MAU2 2016 073   -403.2334    183.3361    757.6468    0.3783 0.0765 0.3945
MAU2 2016 074   -401.2296    180.7590    755.0975    0.3695 0.0716 0.3999
MAU2 2016 075   -400.6524    183.1271    759.1819    0.3389 0.0657 0.3709
MAU2 2016 076   -401.4289    181.4630    758.8610    0.3972 0.0792 0.4306
MAU2 2016 077   -404.5506    181.8831    764.1429    0.4081 0.0816 0.4392
MAU2 2016 078   -402.4760    181.1747    764.1801    0.4440 0.0875 0.4885
MAU2 2016 079   -404.4037    182.4049    762.6626    0.3642 0.0737 0.3964
MAU2 2016 080   -404.1961    181.2275    760.9320    0.3139 0.0650 0.3370
MAU2 2016 081   -404.8675    181.7564    761.4980    0.3257 0.0662 0.3452
MAU2 2016 082   -404.0139    181.2605    760.3219    0.3785 0.0750 0.4111
MAU2 2016 083   -404.4222    181.6246    760.6758    0.3472 0.0679 0.3800
MAU2 2016 084   -404.4890    182.1179    758.5816    0.3907 0.0753 0.4225
MAU2 2016 085   -405.2872    181.2439    762.8322    0.3539 0.0701 0.3814
MAU2 2016 086   -406.4159    181.5458    758.4964    0.3777 0.0733 0.4115
MAU2 2016 087   -404.3444    181.8025    759.9989    0.4202 0.0829 0.4601
MAU2 2016 088   -406.1085    181.6893    763.8237    0.4617 0.0934 0.4966
MAU2 2016 089   -406.1046    182.6993    766.7085    0.4098 0.0811 0.4364
MAU2 2016 090   -405.7399    184.0863    764.7811    0.4123 0.0803 0.4536
MAU2 2016 091   -406.4305    182.3247    765.8033    0.4021 0.0782 0.4470
MAU2 2016 092   -404.2700    184.4136    769.6853    0.4719 0.0915 0.5166
MAU2 2016 093   -408.4287    181.8136    769.3182    0.3775 0.0731 0.4143
MAU2 2016 094   -408.4409    182.9491    763.3964    0.4598 0.0894 0.5080
MAU2 2016 095   -406.2010    183.9745    764.3642    0.4191 0.0812 0.4611
MAU2 2016 096   -409.0838    182.2430    766.1009    0.3694 0.0730 0.4021
MAU2 2016 097   -410.5481    185.9682    769.1974    0.4365 0.0847 0.4664
MAU2 2016 098   -407.7568    184.5285    776.1345    0.4528 0.0875 0.4980
MAU2 2016 099   -409.4425    184.0554    764.5580    0.4038 0.0767 0.4437
MAU2 2016 100   -406.4712    184.4600    763.6781    0.4282 0.0813 0.4670
MAU2 2016 101   -407.6143    184.2610    769.8629    0.3786 0.0711 0.4141
MAU2 2016 102   -407.0450    185.8363    771.0135    0.4238 0.0787 0.4673
MAU2 2016 103   -407.3962    186.0167    771.5359    0.3792 0.0717 0.4195
MAU2 2016 104   -411.7457    187.2345    764.4830    0.5439 0.1076 0.5916
MAU2 2016 105   -407.0281    185.6865    768.2816    0.4212 0.0805 0.4548
MAU2 2016 106   -410.4691    186.3932    766.9005    0.5310 0.1003 0.5914
MAU2 2016 107   -409.3139    185.2104    769.2736    0.4467 0.0849 0.5013
MAU2 2016 108   -406.1572    185.5551    773.7928    0.3499 0.0668 0.3882
MAU2 2016 109   -407.0427    185.4477    771.5545    0.3739 0.0716 0.4136
MAU2 2016 110   -406.2486    184.9194    776.5064    0.3718 0.0717 0.4104
MAU2 2016 111   -409.8593    183.3855    773.8178    0.5319 0.1031 0.5901
MAU2 2016 112   -407.3279    185.9173    780.4041    0.3516 0.0707 0.3835
MAU2 2016 113   -411.1470    183.1594    781.0852    0.4071 0.0802 0.4399
MAU2 2016 114   -406.5200    185.3153    773.6366    0.3724 0.0716 0.4122
MAU2 2016 115   -407.2969    185.6747    771.9803    0.3262 0.0626 0.3630
MAU2 2016 116   -405.6720    185.6022    779.5378    0.3572 0.0675 0.3909
MAU2 2016 117   -406.7748    185.6776    782.4400    0.3490 0.0665 0.3854
MAU2 2016 118   -407.8906    187.9637    773.6563    0.3156 0.0596 0.3496
MAU2 2016 119   -408.9534    187.7648    769.5517    0.3734 0.0712 0.4156
MAU2 2016 120   -408.3345    187.7926    772.8032    0.4244 0.0837 0.4651
MAU2 2016 121   -410.2562    188.1968    774.4205    0.3312 0.0640 0.3616
MAU2 2016 122   -412.8603    187.2584    773.5119    0.4450 0.0847 0.4988
MAU2 2016 123   -411.0991    186.1299    776.3184    0.4471 0.0845 0.5020
MAU2 2016 124   -409.7080    186.0932    777.4276    0.3996 0.0748 0.4427
MAU2 2016 125   -410.2653    186.3825    779.0839    0.4131 0.0766 0.4565
MAU2 2016 126   -410.5757    187.1547    778.8343    0.3271 0.0612 0.3641
MAU2 2016 127   -410.8640    187.0663    778.3487    0.3283 0.0620 0.3645
MAU2 2016 128   -411.0603    186.4889    780.0910    0.3266 0.0637 0.3580
MAU2 2016 129   -412.5223    185.3675    780.4168    0.3275 0.0642 0.3578
MAU2 2016 130   -413.8906    186.4673    780.5560    0.4718 0.0892 0.5270
MAU2 2016 131   -413.9499    186.4457    780.1843    0.3277 0.0610 0.3652
MAU2 2016 132   -412.3275    186.4178    783.3766    0.3980 0.0741 0.4387
MAU2 2016 133   -412.9026    187.4791    783.2519    0.3442 0.0644 0.3831
MAU2 2016 134   -414.2772    187.2431    782.0767    0.3432 0.0634 0.3853
MAU2 2016 135   -413.4457    187.2111    781.6745    0.3442 0.0648 0.3865
MAU2 2016 136   -414.0572    187.5102    782.7193    0.3558 0.0693 0.3940
MAU2 2016 137   -413.3095    188.2627    781.4766    0.3327 0.0633 0.3664
MAU2 2016 138   -412.7495    187.9480    781.3290    0.3317 0.0611 0.3729
MAU2 2016 139   -413.1773    188.0941    786.2868    0.3403 0.0627 0.3819
MAU2 2016 140   -415.3261    188.7364    785.7219    0.3464 0.0657 0.3853
MAU2 2016 141   -413.3715    188.3224    786.6927    0.3285 0.0621 0.3661
MAU2 2016 142   -413.9459    186.3059    787.5360    0.3917 0.0733 0.4398
MAU2 2016 143   -416.1227    186.4365    784.2951    0.3316 0.0620 0.3697
MAU2 2016 144   -415.8892    186.5230    785.9522    0.3507 0.0681 0.3861
MAU2 2016 145   -417.9634    186.4548    786.4778    0.4096 0.0786 0.4514
MAU2 2016 146   -416.8011    186.6972    786.4593    0.4474 0.0815 0.4997
MAU2 2016 147   -415.6232    186.2823    788.0655    0.3556 0.0653 0.3973
MAU2 2016 148   -417.1840    186.3958    785.6946    0.3600 0.0665 0.4003
MAU2 2016 149   -417.8751    187.0301    787.7417    0.3066 0.0571 0.3425
MAU2 2016 150   -417.2153    187.2721    790.3643    0.3362 0.0621 0.3796
MAU2 2016 151   -417.9149    187.5643    794.5998    0.4550 0.0868 0.5117
MAU2 2016 152   -418.2055    187.9011    792.2315    0.3691 0.0700 0.4092
MAU2 2016 153   -419.4063    188.5440    791.1445    0.3253 0.0612 0.3614
MAU2 2016 154   -416.5477    188.7447    789.0089    0.3707 0.0687 0.4146
MAU2 2016 155   -418.1345    188.3978    795.2513    0.3288 0.0616 0.3644
MAU2 2016 156   -417.7722    187.7134    795.7719    0.4170 0.0781 0.4622
MAU2 2016 157   -419.4767    188.9133    792.1093    0.3719 0.0701 0.4126
MAU2 2016 158   -417.5339    189.1915    790.8537    0.4102 0.0773 0.4560
MAU2 2016 159   -419.7956    189.4449    788.6522    0.4157 0.0812 0.4614
MAU2 2016 160   -418.8465    190.0940    791.4942    0.4998 0.0971 0.5471
MAU2 2016 161   -421.0970    189.8464    790.7312    0.3890 0.0739 0.4295
MAU2 2016 162   -418.0199    189.7781    792.9663    0.4226 0.0796 0.4694
MAU2 2016 163   -420.0109    190.0898    792.9488    0.4216 0.0799 0.4631
MAU2 2016 164   -422.0768    191.1408    797.3340    0.4046 0.0767 0.4464
MAU2 2016 165   -423.5035    186.6779    791.3726    0.3788 0.0713 0.4193
MAU2 2016 166   -424.7098    186.9688    793.6457    0.3502 0.0657 0.3890
MAU2 2016 167   -422.8986    188.6020    794.3110    0.3268 0.0633 0.3612
MAU2 2016 168   -422.1561    188.8104    795.8562    0.3506 0.0678 0.3819
MAU2 2016 169   -421.8015    188.9905    798.0097    0.4165 0.0783 0.4609
MAU2 2016 170   -421.0639    188.5901    798.9767    0.3658 0.0688 0.4036
MAU2 2016 171   -422.9431    188.7788    801.4460    0.3294 0.0622 0.3591
MAU2 2016 172   -422.8984    188.9659    799.4862    0.3322 0.0617 0.3631
MAU2 2016 173   -423.1980    189.4748    802.1956    0.3764 0.0701 0.4135
MAU2 2016 174   -425.6581    189.5527    799.5649    0.3757 0.0691 0.4109
MAU2 2016 175   -426.1907    189.5539    804.6800    0.3813 0.0731 0.4058
MAU2 2016 176   -422.8778    189.0569    803.0254    0.3315 0.0625 0.3588
MAU2 2016 177   -423.7987    189.8625    804.4168    0.4443 0.0823 0.4909
MAU2 2016 178   -422.0597    189.5469    804.3785    0.3323 0.0618 0.3661
MAU2 2016 179   -425.1483    189.5989    805.6595    0.3781 0.0708 0.4164
MAU2 2016 180   -426.0002    190.0992    803.0910    0.3778 0.0708 0.4171
MAU2 2016 181   -428.4056    188.3794    799.7338    0.4411 0.0828 0.4889
MAU2 2016 182   -425.7668    189.0816    802.5981    0.3511 0.0657 0.3887
MAU2 2016 183   -426.3058    188.6106    805.2750    0.3270 0.0619 0.3611
MAU2 2016 184   -425.8969    191.0626    804.9788    0.4000 0.0759 0.4406
MAU2 2016 185   -424.5482    189.9533    807.3934    0.3538 0.0678 0.3894
MAU2 2016 186   -424.8987    189.4814    806.2966    0.3535 0.0679 0.3894
MAU2 2016 187   -426.6947    189.2518    807.5071    0.4097 0.0772 0.4493
MAU2 2016 188   -426.3887    188.9474    806.2495    0.3623 0.0698 0.3939
MAU2 2016 189   -428.1746    189.8337    809.1477    0.3332 0.0638 0.3632
MAU2 2016 190   -428.3936    188.8731    803.8534    0.3152 0.0598 0.3463
MAU2 2016 191   -430.4995    191.2962    808.2402    0.3692 0.0688 0.4060
MAU2 2016 192   -429.8201    189.4371    806.7113    0.4646 0.0902 0.5071
MAU2 2016 193   -431.1158    190.8505    809.9002    0.3930 0.0767 0.4263
MAU2 2016 194   -430.1575    190.3077    813.8072    0.3597 0.0688 0.4009
MAU2 2016 195   -430.1571    192.0941    812.6216    0.3407 0.0647 0.3741
MAU2 2016 196   -432.2192    190.2866    806.6530    0.3616 0.0706 0.3934
MAU2 2016 197   -430.4824    189.7242    810.4514    0.3936 0.0754 0.4261
MAU2 2016 198   -429.8192    191.3140    810.9581    0.3708 0.0711 0.4062
MAU2 2016 199   -429.9891    191.1643    814.6119    0.4623 0.0884 0.5070
MAU2 2016 200   -430.3376    191.2686    805.8603    0.3514 0.0690 0.3805
MAU2 2016 201   -430.7844    191.6934    811.7509    0.3914 0.0765 0.4217
MAU2 2016 202   -432.8368    192.0528    812.6161    0.4313 0.0833 0.4735
MAU2 2016 203   -433.1820    191.3990    810.3791    0.3925 0.0752 0.4266
MAU2 2016 204   -428.6273    187.9651    807.8786    0.4429 0.0863 0.4791
MAU2 2016 205   -433.9373    190.9168    811.0378    0.3911 0.0759 0.4203
MAU2 2016 206   -428.6544    189.6686    812.4507    0.4051 0.0777 0.4404
MAU2 2016 207   -432.5192    190.7471    809.4330    0.3833 0.0733 0.4163
MAU2 2016 208   -431.7215    190.4269    808.8809    0.3610 0.0723 0.3904
MAU2 2016 209   -434.6224    192.4889    814.6329    0.4002 0.0773 0.4309
MAU2 2016 210   -434.9057    192.3337    808.6333    0.4127 0.0792 0.4548
MAU2 2016 211   -435.5356    194.2843    817.3135    0.3941 0.0762 0.4333
MAU2 2016 212   -432.0025    191.0516    815.7330    0.4135 0.0805 0.4473
MAU2 2016 213   -433.5457    190.9775    811.7744    0.4176 0.0804 0.4509
MAU2 2016 214   -434.6442    192.6993    815.7624    0.3376 0.0649 0.3674
MAU2 2016 215   -433.7317    193.0368    813.5705    0.4015 0.0765 0.4390
MAU2 2016 216   -433.7448    192.5613    821.2216    0.3728 0.0731 0.4007
MAU2 2016 217   -436.9575    191.4342    817.2555    0.3641 0.0702 0.3899
MAU2 2016 218   -438.2645    191.7498    814.9476    0.3452 0.0656 0.3781
MAU2 2016 219   -435.5707    191.6976    817.0919    0.3964 0.0764 0.4334
MAU2 2016 220   -437.8615    192.1034    814.7943    0.3764 0.0717 0.4053
MAU2 2016 221   -436.6374    192.0959    817.8457    0.3363 0.0643 0.3630
MAU2 2016 222   -436.0230    193.0051    819.9652    0.3873 0.0743 0.4246
MAU2 2016 223   -436.4981    193.2623    818.6361    0.3326 0.0627 0.3664
MAU2 2016 224   -437.1145    192.8263    822.6455    0.4170 0.0818 0.4490
MAU2 2016 225   -441.3151    192.9480    823.3467    0.3495 0.0677 0.3788
MAU2 2016 226   -437.5529    193.4972    817.0929    0.4171 0.0795 0.4610
MAU2 2016 227   -440.2373    190.9198    819.2865    0.4674 0.0904 0.5163
MAU2 2016 228   -439.0519    192.9537    824.0407    0.4805 0.0952 0.5235
MAU2 2016 229   -437.4888    191.7782    820.4303    0.5427 0.1051 0.5954
MAU2 2016 230   -439.9055    191.5700    811.6956    0.4299 0.0836 0.4731
MAU2 2016 231   -439.3931    192.0835    820.6484    0.4333 0.0834 0.4774
MAU2 2016 232   -441.6727    193.0275    820.6001    0.3883 0.0778 0.4218
MAU2 2016 233   -438.0242    191.8942    819.4158    0.3664 0.0711 0.4004
MAU2 2016 234   -437.3973    192.5350    823.4136    0.3957 0.0755 0.4322
MAU2 2016 235   -435.7317    193.5100    827.3791    0.3308 0.0631 0.3622
MAU2 2016 236   -436.6446    193.0520    824.4934    0.3297 0.0638 0.3603
MAU2 2016 237   -436.4777    193.7347    829.3662    0.3402 0.0649 0.3754
MAU2 2016 238   -440.3720    194.2406    828.7176    0.3842 0.0725 0.4248
MAU2 2016 239   -437.8972    192.4976    832.5010    0.3517 0.0680 0.3855
MAU2 2016 240   -440.3213    191.4784    832.4032    0.3693 0.0724 0.4046
MAU2 2016 241   -440.6959    193.2094    832.6750    0.3941 0.0760 0.4330
MAU2 2016 242   -441.1877    194.3975    829.2016    0.4625 0.0880 0.5099
MAU2 2016 243   -443.5922    193.0943    831.7112    0.4109 0.0794 0.4535
MAU2 2016 244   -442.4465    192.9857    829.2893    0.3563 0.0683 0.3892
MAU2 2016 245   -442.1202    193.6193    828.9624    0.3298 0.0631 0.3606
MAU2 2016 246   -442.4559    193.3161    834.9032    0.3367 0.0649 0.3651
MAU2 2016 247   -443.0211    195.0549    836.5579    0.3918 0.0741 0.4331
MAU2 2016 248   -441.1519    192.0199    834.4821    0.3678 0.0702 0.4018
MAU2 2016 249   -443.0152    192.8995    834.6780    0.3225 0.0612 0.3529
MAU2 2016 250   -442.0892    192.3090    837.5382    0.3439 0.0648 0.3780
MAU2 2016 251   -443.8665    192.7162    837.5835    0.4134 0.0791 0.4542
MAU2 2016 252   -447.2716    193.1821    838.2539    0.4204 0.0813 0.4586
MAU2 2016 253   -447.8678    193.3038    834.0271    0.4378 0.0833 0.4807
MAU2 2016 254   -445.7372    192.9999    834.1994    0.3359 0.0641 0.3705
MAU2 2016 255   -448.9987    194.1342    837.1781    0.4506 0.0867 0.4954
MAU2 2016 256   -449.0860    194.5827    839.3541    0.4006 0.0776 0.4392
MAU2 2016 257   -446.9480    195.2161    844.2103    0.3740 0.0729 0.4062
MAU2 2016 258   -446.7587    197.3335    837.6722    0.4199 0.0793 0.4610
MAU2 2016 259   -447.9877    196.5426    834.8671    0.4307 0.0810 0.4755
MAU2 2016 260   -449.4020    195.2014    837.9351    0.4618 0.0889 0.5032
MAU2 2016 261   -451.2813    196.7663    838.4156    0.3729 0.0715 0.4048
MAU2 2016 262   -446.5798    197.1156    841.2780    0.3509 0.0663 0.3845
MAU2 2016 263   -446.4990    196.8678    841.5933    0.3318 0.0628 0.3651
MAU2 2016 264   -448.5601    195.8765    844.4959    0.3747 0.0707 0.4101
MAU2 2016 265   -449.1733    196.1229    844.8240    0.3305 0.0626 0.3645
MAU2 2016 266   -450.3164    196.6254    844.6572    0.3891 0.0705 0.4315
MAU2 2016 267   -446.2102    195.8567    844.5609    0.3367 0.0632 0.3755
MAU2 2016 268   -448.0390    197.0763    844.7833    0.3295 0.0623 0.3647
MAU2 2016 269   -449.7806    198.6809    844.6751    0.3944 0.0735 0.4326
MAU2 2016 270   -450.5956    199.8428    854.8185    0.3767 0.0720 0.4174
MAU2 2016 272   -448.5857    198.0656    850.0095    0.3684 0.0698 0.4060
MAU2 2016 273   -451.2248    199.9450    854.9339    0.4529 0.0875 0.5011
MAU2 2016 274   -453.3270    200.0580    849.3628    0.3611 0.0684 0.3963
MAU2 2016 275   -450.7071    199.3925    850.7982    0.5113 0.0923 0.5745
MAU2 2016 276   -448.0477    200.2738    851.6053    0.3600 0.0685 0.3968
MAU2 2016 277   -454.3125    199.9353    851.5005    0.4173 0.0780 0.4614
MAU2 2016 278   -454.8779    200.8928    847.4150    0.4396 0.0827 0.4876
MAU2 2016 279   -449.3778    200.5413    855.9154    0.3995 0.0740 0.4457
MAU2 2016 280   -455.8134    199.8092    852.3200    0.4041 0.0770 0.4472
MAU2 2016 281   -451.5691    200.6946    859.9857    0.3744 0.0706 0.4168
MAU2 2016 282   -454.2218    201.5055    861.4533    0.3745 0.0711 0.4173
MAU2 2016 283   -452.2652    201.1279    858.9552    0.3398 0.0651 0.3792
MAU2 2016 284   -454.7684    200.3713    858.7863    0.3576 0.0688 0.3974
MAU2 2016 285   -456.4487    200.3438    860.2670    0.3744 0.0724 0.4161
MAU2 2016 286   -458.2325    205.1891    857.2737    0.4197 0.0817 0.4683
MAU2 2016 287   -460.5278    201.4644    851.8280    0.4252 0.0833 0.4741
MAU2 2016 288   -457.7517    200.4995    856.6210    0.4033 0.0820 0.4480
MAU2 2016 289   -454.5045    201.6654    864.0815    0.4085 0.0780 0.4530
MAU2 2016 290   -455.5756    202.1244    858.2947    0.4145 0.0792 0.4586
MAU2 2016 291   -452.5535    201.6355    861.4002    0.3801 0.0723 0.4191
MAU2 2016 292   -453.2207    201.2596    857.0970    0.3796 0.0723 0.4172
MAU2 2016 293   -452.7271    199.6725    859.3904    0.4087 0.0810 0.4543
MAU2 2016 294   -454.1354    201.5157    860.4533    0.4326 0.0818 0.4786
MAU2 2016 295   -453.0824    202.2355    862.8339    0.3980 0.0758 0.4430
MAU2 2016 296   -452.4120    201.8064    864.3896    0.3982 0.0751 0.4382
MAU2 2016 297   -456.7085    202.3966    865.7263    0.3798 0.0708 0.4207
MAU2 2016 298   -455.2520    204.0237    861.1391    0.3779 0.0711 0.4182
MAU2 2016 299   -451.9368    204.5904    865.5174    0.4424 0.0888 0.4940
MAU2 2016 300   -453.1761    204.7784    861.2837    0.3556 0.0667 0.3915
MAU2 2016 301   -454.6911    204.7424    863.0880    0.4197 0.0790 0.4631
MAU2 2016 302   -453.7397    205.2614    861.8667    0.4070 0.0770 0.4499
MAU2 2016 303   -458.0929    204.3106    863.2374    0.4144 0.0800 0.4553
MAU2 2016 306   -458.3784    202.4540    864.9420    0.4160 0.0772 0.4580
MAU2 2016 307   -455.9107    201.4723    874.2963    0.4738 0.0892 0.5175
MAU2 2016 308   -459.2723    201.8232    875.5726    0.4734 0.0853 0.5186
MAU2 2016 309   -459.0284    202.7612    874.9953    0.4942 0.0916 0.5403
MAU2 2016 310   -461.5237    205.0779    870.5489    0.4332 0.0827 0.4731
MAU2 2016 311   -461.1173    205.4374    869.6521    0.4644 0.0868 0.5116
MAU2 2016 312   -461.7337    203.5689    868.1961    0.3777 0.0706 0.4145
MAU2 2016 313   -465.1828    206.1787    865.9515    0.3872 0.0693 0.4294
MAU2 2016 314   -462.4540    203.6342    866.7084    0.4123 0.0752 0.4569
MAU2 2016 315   -463.3384    204.9254    863.4834    0.3980 0.0729 0.4368
MAU2 2016 316   -460.8629    205.0023    868.3247    0.3897 0.0730 0.4238
MAU2 2016 317   -463.6762    206.0071    873.9538    0.3548 0.0671 0.3868
MAU2 2016 318   -464.8128    205.0589    875.2661    0.3982 0.0811 0.4439
MAU2 2016 319   -464.7357    204.1477    875.1256    0.4005 0.0750 0.4439
MAU2 2016 320   -466.1631    204.3959    863.9896    0.3803 0.0716 0.4165
MAU2 2016 321   -464.5572    205.0560    870.5166    0.3831 0.0725 0.4174
MAU2 2016 322   -461.7491    205.3066    873.0059    0.3890 0.0729 0.4256
MAU2 2016 323   -461.8577    205.0852    870.4610    0.3579 0.0665 0.3963
MAU2 2016 324   -464.7096    206.4818    873.2236    0.3628 0.0693 0.3966
MAU2 2016 325   -464.6448    205.0699    873.5718    0.3789 0.0735 0.4105
MAU2 2016 326   -461.4602    205.6659    874.0562    0.3687 0.0688 0.4060
MAU2 2016 327   -463.2931    206.7138    878.7849    0.3564 0.0688 0.3947
MAU2 2016 328   -464.0463    206.2398    872.7332    0.3818 0.0771 0.4124
MAU2 2016 329   -466.7950    206.8798    880.9180    0.4095 0.0853 0.4453
MAU2 2016 330   -465.8534    207.2003    874.2193    0.3806 0.0725 0.4219
MAU2 2016 331   -467.1253    209.1136    876.6119    0.3963 0.0751 0.4370
MAU2 2016 332   -465.4254    205.3415    885.6063    0.4126 0.0788 0.4471
MAU2 2016 333   -462.9961    204.8529    886.4617    0.3922 0.0755 0.4250
MAU2 2016 334   -464.5114    205.6580    895.0711    0.4230 0.0806 0.4634
MAU2 2016 335   -466.2251    206.8010    885.9791    0.4019 0.0769 0.4396
MAU2 2016 336   -465.2292    208.4674    880.6308    0.3936 0.0773 0.4256
MAU2 2016 337   -465.9922    207.6276    887.3740    0.3825 0.0732 0.4161
MAU2 2016 338   -467.8285    207.9636    884.0824    0.4046 0.0761 0.4453
MAU2 2016 339   -466.2389    208.8831    883.4497    0.4104 0.0788 0.4521
MAU2 2016 340   -469.9466    206.8599    884.0778    0.3859 0.0728 0.4190
MAU2 2016 341   -469.3070    207.8947    889.5176    0.3747 0.0704 0.4099
MAU2 2016 342   -471.7513    210.5868    886.8273    0.3864 0.0731 0.4267
MAU2 2016 343   -468.1112    208.1091    890.5421    0.4014 0.0784 0.4407
MAU2 2016 344   -469.4750    210.2170    890.0658    0.4033 0.0779 0.4357
MAU2 2016 345   -468.6512    211.1431    887.6596    0.3922 0.0740 0.4297
MAU2 2016 346   -467.5714    209.6985    886.7258    0.4005 0.0754 0.4437
MAU2 2016 347   -470.3674    210.1704    888.8882    0.4009 0.0760 0.4445
MAU2 2016 348   -468.8242    208.0557    892.5428    0.3752 0.0726 0.4084
MAU2 2016 349   -467.7367    209.1501    893.1116    0.3787 0.0719 0.4192
MAU2 2016 350   -467.7097    210.5441    894.4441    0.3754 0.0696 0.4146
MAU2 2016 351   -467.1412    210.5400    887.3458    0.3697 0.0721 0.4067
MAU2 2016 352   -474.3872    210.0559    893.9493    0.3652 0.0706 0.3955
MAU2 2016 353   -472.9687    210.6957    898.0521    0.3901 0.0765 0.4291
MAU2 2016 354   -470.0131    210.5857    895.8722    0.3651 0.0693 0.4075
MAU2 2016 355   -470.1963    212.8366    901.3235    0.3743 0.0715 0.4181
MAU2 2016 356   -474.7181    214.1806    903.5238    0.3831 0.0731 0.4206
MAU2 2016 357   -472.4055    210.7957    899.8761    0.3754 0.0717 0.4166
MAU2 2016 358   -472.9048    212.3718    896.8234    0.3664 0.0687 0.4089
MAU2 2016 359   -474.1994    210.7101    904.3306    0.3837 0.0737 0.4260
MAU2 2016 360   -475.1541    212.2692    901.8600    0.3943 0.0767 0.4353
MAU2 2016 361   -474.6337    210.5049    900.7691    0.4123 0.0777 0.4579
MAU2 2016 362   -469.7254    211.3472    901.9501    0.3818 0.0717 0.4293
MAU2 2016 363   -471.9214    212.4071    904.2835    0.3847 0.0729 0.4308
MAU2 2016 364   -469.5842    213.3978    902.2645    0.3848 0.0738 0.4232
MAU2 2016 365   -475.3765    214.7825    905.0618    0.3869 0.0747 0.4291
MAU2 2017 001   -472.5911    211.7870    905.7602    0.4606 0.0906 0.5209
MAU2 2017 002   -474.7023    211.9966    906.1761    0.3849 0.0759 0.4245
MAU2 2017 003   -475.7187    210.5686    901.2137    0.4905 0.0953 0.5425
MAU2 2017 004   -475.1560    211.5990    907.5343    0.3682 0.0709 0.4158
MAU2 2017 005   -472.6821    212.2463    906.9648    0.3755 0.0723 0.4218
MAU2 2017 006   -474.2496    212.0318    907.6451    0.4072 0.0794 0.4501
MAU2 2017 007   -475.1346    212.7613    906.0271    0.3594 0.0716 0.3924
MAU2 2017 008   -481.5205    212.7260    906.7251    0.4350 0.0846 0.4858
MAU2 2017 009   -480.5105    212.9585    907.0201    0.4548 0.0895 0.5080
MAU2 2017 010   -479.8996    214.8567    906.7179    0.3929 0.0793 0.4302
MAU2 2017 011   -475.7418    214.0367    909.4171    0.4601 0.0900 0.5078
MAU2 2017 012   -479.6340    214.6077    909.2373    0.4209 0.0810 0.4713
MAU2 2017 013   -476.8061    214.9047    912.4153    0.3885 0.0750 0.4329
MAU2 2017 014   -478.7464    212.4701    913.0374    0.3724 0.0717 0.4072
MAU2 2017 015   -477.9747    212.9677    916.7030    0.3856 0.0744 0.4227
MAU2 2017 016   -477.9289    212.2019    913.3613    0.3806 0.0719 0.4219
MAU2 2017 017   -477.8067    211.7259    911.3081    0.4073 0.0801 0.4574
MAU2 2017 018   -477.7628    212.7600    915.4971    0.3979 0.0778 0.4340
MAU2 2017 019   -476.6914    213.1783    919.3765    0.4157 0.0786 0.4580
MAU2 2017 020   -477.4076    213.2056    917.2221    0.4296 0.0806 0.4781
MAU2 2017 021   -477.0368    214.1002    919.6957    0.3936 0.0745 0.4376
MAU2 2017 022   -478.6518    213.7082    923.6081    0.4305 0.0825 0.4697
MAU2 2017 023   -477.8675    214.1674    927.1885    0.4480 0.0860 0.4925
MAU2 2017 024   -479.1282    213.2658    923.2808    0.4164 0.0796 0.4623
MAU2 2017 025   -478.7374    215.6527    923.2899    0.3899 0.0770 0.4311
MAU2 2017 026   -479.5056    215.7727    923.0158    0.3696 0.0721 0.4009
MAU2 2017 027   -481.0491    216.6083    925.0793    0.4183 0.0800 0.4560
MAU2 2017 028   -479.2518    217.5961    921.6056    0.3680 0.0705 0.4077
MAU2 2017 029   -483.3105    214.4472    929.9410    0.4000 0.0764 0.4390
MAU2 2017 030   -484.7042    212.7630    925.2887    0.4107 0.0794 0.4427
MAU2 2017 031   -483.6250    212.3246    928.1954    0.3996 0.0788 0.4362
MAU2 2017 032   -484.4939    213.1597    931.0837    0.4033 0.0760 0.4433
MAU2 2017 033   -486.1250    216.1159    933.6246    0.3756 0.0746 0.4114
MAU2 2017 034   -488.2021    214.3695    933.1653    0.3720 0.0744 0.4022
MAU2 2017 035   -489.2648    214.3927    927.4237    0.3940 0.0770 0.4304
MAU2 2017 036   -482.9142    214.1487    929.6546    0.3681 0.0729 0.4069
MAU2 2017 037   -486.6456    214.0973    929.2256    0.3812 0.0752 0.4202
MAU2 2017 038   -487.9925    213.8937    931.1814    0.3706 0.0738 0.4000
MAU2 2017 039   -488.7948    215.9225    929.6590    0.3802 0.0761 0.4176
MAU2 2017 040   -488.6193    214.6535    936.1293    0.4264 0.0835 0.4660
MAU2 2017 041   -484.5134    213.6970    937.8774    0.4142 0.0826 0.4550
MAU2 2017 042   -486.7372    215.1823    935.1253    0.4095 0.0826 0.4396
MAU2 2017 043   -487.6568    212.8704    936.0711    0.3518 0.0681 0.3797
MAU2 2017 044   -485.6161    213.1446    938.8387    0.4589 0.0873 0.5089
MAU2 2017 045   -487.6203    213.0626    934.4103    0.4133 0.0788 0.4525
MAU2 2017 046   -489.8438    211.4758    934.2659    0.5000 0.0988 0.5348
MAU2 2017 047   -491.0480    214.9481    936.7033    0.4189 0.0825 0.4511
MAU2 2017 048   -495.3665    216.1512    931.3993    0.4372 0.0853 0.4806
MAU2 2017 049   -496.3680    212.4440    932.3750    0.4718 0.0970 0.5165
MAU2 2017 050   -488.9106    213.5430    938.0587    0.4604 0.0961 0.4915
MAU2 2017 051   -490.5867    213.1243    940.3482    0.3762 0.0745 0.4132
MAU2 2017 052   -490.7231    213.7219    939.2902    0.3767 0.0743 0.4203
MAU2 2017 053   -487.3205    213.9234    943.1815    0.3891 0.0768 0.4272
MAU2 2017 054   -486.0058    214.6777    943.0240    0.4321 0.0861 0.4676
MAU2 2017 055   -490.6831    214.8690    944.3513    0.4807 0.0974 0.5282
MAU2 2017 056   -491.0670    215.3396    947.7877    0.4897 0.0973 0.5364
MAU2 2017 057   -498.7725    213.8898    942.6367    0.4344 0.0882 0.4759
MAU2 2017 058   -495.1236    212.9622    937.7198    0.5024 0.1040 0.5400
MAU2 2017 059   -497.2612    214.5696    931.7084    0.4466 0.0856 0.4910
MAU2 2017 060   -497.5415    215.4698    944.5382    0.4726 0.0914 0.5255
MAU2 2017 061   -497.9107    214.9970    950.1914    0.4067 0.0805 0.4487
MAU2 2017 062   -495.1654    214.8416    945.4108    0.4013 0.0799 0.4381
MAU2 2017 063   -494.2771    212.6760    948.4259    0.3865 0.0773 0.4276
MAU2 2017 064   -496.4726    215.4784    946.1472    0.3314 0.0647 0.3683
MAU2 2017 065   -495.5516    214.8046    945.6179    0.4095 0.0825 0.4480
MAU2 2017 066   -496.0575    216.0518    949.1088    0.3958 0.0808 0.4276
MAU2 2017 067   -500.5671    216.4578    953.2652    0.4412 0.0846 0.4884
MAU2 2017 068   -495.2421    215.6979    942.5043    0.4181 0.0814 0.4682
MAU2 2017 069   -497.5960    215.9655    947.7658    0.3770 0.0737 0.4157
MAU2 2017 070   -499.7971    216.4659    949.4975    0.3714 0.0723 0.4035
MAU2 2017 071   -496.5776    215.4300    950.2469    0.4157 0.0801 0.4560
MAU2 2017 072   -495.7400    215.9239    951.2888    0.3517 0.0679 0.3880
MAU2 2017 073   -499.7134    216.5327    951.3735    0.3560 0.0700 0.3905
MAU2 2017 074   -499.4051    216.5253    952.1066    0.3536 0.0714 0.3818
MAU2 2017 075   -498.6058    217.1425    952.0147    0.3535 0.0666 0.3898
MAU2 2017 076   -498.0551    218.7556    948.8595    0.4044 0.0757 0.4520
MAU2 2017 077   -499.4506    216.2773    951.6913    0.3748 0.0720 0.4144
MAU2 2017 078   -499.8115    218.4907    955.1534    0.3622 0.0695 0.3962
MAU2 2017 079   -501.6591    217.2080    952.1586    0.3747 0.0712 0.4159
MAU2 2017 080   -501.1209    217.9103    950.4508    0.4097 0.0774 0.4560
MAU2 2017 081   -502.4673    218.3571    956.1188    0.4016 0.0803 0.4416
MAU2 2017 082   -501.7435    218.9678    959.9200    0.3721 0.0736 0.4101
MAU2 2017 083   -503.6247    219.1211    956.6722    0.3557 0.0675 0.3968
MAU2 2017 084   -503.9697    220.5704    955.7461    0.3842 0.0725 0.4332
MAU2 2017 085   -506.2088    220.0486    962.0357    0.4451 0.0851 0.4946
MAU2 2017 086   -503.6270    216.9261    955.0657    0.4133 0.0789 0.4528
MAU2 2017 087   -500.7603    219.9254    963.3247    0.3927 0.0745 0.4352
MAU2 2017 088   -504.4138    218.6275    958.7905    0.4274 0.0811 0.4778
MAU2 2017 089   -504.5453    220.0637    961.6298    0.3828 0.0758 0.4200
MAU2 2017 090   -503.1360    218.8118    965.4599    0.3715 0.0726 0.4094
MAU2 2017 091   -505.0244    219.7576    960.4025    0.3949 0.0753 0.4355
MAU2 2017 092   -506.0373    220.1424    960.8063    0.3803 0.0724 0.4272
MAU2 2017 093   -503.8093    220.5766    963.0187    0.3684 0.0715 0.4143
MAU2 2017 094   -503.8080    218.6952    948.2775    0.9217 0.1910 0.7903
MAU2 2017 100   -504.9810    222.4815    973.0646    0.5806 0.1005 0.6404
MAU2 2017 101   -503.8502    220.1135    971.3788    0.3300 0.0636 0.3662
MAU2 2017 102   -504.2121    221.0540    971.5117    0.3646 0.0695 0.4022
MAU2 2017 103   -506.9318    220.7424    970.9324    0.3234 0.0627 0.3604
MAU2 2017 104   -506.7171    221.3131    972.5073    0.3440 0.0643 0.3845
MAU2 2017 105   -509.6922    216.3596    976.4421    0.4618 0.0951 0.5080
MAU2 2017 106   -509.7992    224.8877    976.1880    0.5639 0.0964 0.6284
MAU2 2017 107   -509.5004    222.6296    977.8462    0.3633 0.0699 0.4049
MAU2 2017 108   -508.4474    224.5440    973.2728    0.3770 0.0723 0.4267
MAU2 2017 109   -510.5515    222.7931    971.7154    0.3841 0.0734 0.4309
MAU2 2017 110   -511.7657    222.9961    972.5659    0.3990 0.0768 0.4473
MAU2 2017 111   -510.7796    223.1103    971.4568    0.4996 0.1020 0.5541
MAU2 2017 127   -516.0494    223.1752    987.8772    0.3994 0.0775 0.4536
MAU2 2017 128   -514.6431    222.9284    990.0064    0.4679 0.0939 0.5323
MAU2 2017 227   -557.7017    222.5763   1027.4940    7.3191 0.8384 6.7527
MAU2 2017 237   -552.3194    235.2350   1053.5460    0.7831 0.1308 0.9150
MAU2 2017 238   -552.3586    236.8290   1056.3856    0.3857 0.0767 0.4234
MAU2 2017 239   -554.8949    238.3701   1061.6367    0.3960 0.0778 0.4358
MAU2 2017 240   -552.9859    236.8240   1054.9968    0.3678 0.0707 0.4061
MAU2 2017 241   -556.3894    235.4606   1058.8296    0.3781 0.0756 0.4103
MAU2 2017 242   -554.4509    237.2286   1056.5184    0.3812 0.0741 0.4186
MAU2 2017 243   -555.6524    235.9725   1063.3283    0.3902 0.0766 0.4326
MAU2 2017 244   -555.8644    237.6354   1062.6382    0.4246 0.0839 0.4700
MAU2 2017 245   -555.7033    237.9315   1061.2937    0.3771 0.0749 0.4153
MAU2 2017 246   -556.5428    237.7398   1061.1386    0.3573 0.0708 0.3920
MAU2 2017 247   -555.7804    237.6269   1059.7045    0.3601 0.0713 0.3956
MAU2 2017 248   -555.3996    237.4653   1064.0496    0.4268 0.0851 0.4709
MAU2 2017 249   -554.5628    238.4570   1057.1334    0.4098 0.0825 0.4471
MAU2 2017 250   -556.2836    237.3876   1062.1822    0.3870 0.0757 0.4240
MAU2 2017 251   -556.9912    236.7868   1067.5127    0.4770 0.0953 0.5354
MAU2 2017 252   -556.3914    237.4203   1068.8015    0.3776 0.0736 0.4153
MAU2 2017 253   -557.8198    238.0189   1062.8528    0.4049 0.0780 0.4478
MAU2 2017 254   -557.0612    239.3853   1066.9256    0.3956 0.0761 0.4356
MAU2 2017 255   -557.4193    239.2803   1064.9170    0.4206 0.0765 0.4692
MAU2 2017 256   -557.2029    238.9570   1069.2761    0.4314 0.0846 0.4871
MAU2 2017 257   -560.1594    238.6221   1067.3738    0.4251 0.0842 0.4747
MAU2 2017 258   -557.5090    238.2051   1068.0832    0.4451 0.0820 0.4971
MAU2 2017 259   -557.4083    238.6583   1071.2369    0.4385 0.0856 0.4935
MAU2 2017 260   -558.1464    239.8631   1071.0265    0.4459 0.0843 0.4969
MAU2 2017 261   -556.5205    240.1762   1074.8204    0.3950 0.0756 0.4388
MAU2 2017 262   -559.7322    241.7987   1074.2497    0.4014 0.0773 0.4452
MAU2 2017 263   -559.9464    239.8949   1076.4775    0.4310 0.0812 0.4771
MAU2 2017 264   -558.5867    240.1260   1075.6089    0.3729 0.0734 0.4147
MAU2 2017 265   -559.1949    239.2159   1077.6446    0.3769 0.0735 0.4160
MAU2 2017 266   -560.7143    241.0002   1079.7810    0.3681 0.0722 0.4076
MAU2 2017 267   -564.0651    240.7968   1077.7658    0.3981 0.0787 0.4442
MAU2 2017 282   -566.4635    242.2337   1083.1280    0.7511 0.1484 0.8208
MAU2 2017 289   -570.7515    245.2505   1086.2451    0.6604 0.1351 0.7093
MAU2 2017 290   -571.7777    242.7529   1090.1208    0.4117 0.0781 0.4521
MAU2 2017 291   -570.7456    243.1527   1088.5671    0.4064 0.0769 0.4562
MAU2 2017 292   -569.6825    243.0167   1092.7592    0.4304 0.0828 0.4809
MAU2 2017 293   -572.9848    242.5780   1092.6383    0.4176 0.0813 0.4588
MAU2 2017 347   -589.9359    250.4500   1130.8725    0.6229 0.1274 0.6896
MAU2 2017 348   -586.6793    250.8162   1134.3851    0.3677 0.0725 0.4206
MAU2 2017 349   -587.9039    251.9247   1136.7515    0.4702 0.0929 0.5159
MAU2 2017 350   -588.5935    253.0989   1137.7590    0.4443 0.0870 0.4950
MAU2 2017 351   -586.2226    252.2014   1136.2668    0.4299 0.0834 0.4848
MAU2 2017 352   -588.0404    252.4368   1138.2893    0.4228 0.0845 0.4722
MAU2 2017 353   -586.5963    252.3950   1139.7127    0.4195 0.0833 0.4613
MAU2 2017 354   -589.2005    252.9486   1140.2894    0.4245 0.0826 0.4721
MAU2 2017 355   -589.5933    253.6875   1143.9476    0.3789 0.0736 0.4281
MAU2 2017 356   -588.7877    253.7089   1142.1551    0.4383 0.0863 0.4904
MAU2 2017 357   -586.1337    253.9550   1141.0540    0.4048 0.0805 0.4461
MAU2 2017 358   -589.9625    253.7926   1141.6388    0.3861 0.0769 0.4309
MAU2 2017 359   -589.5182    255.0185   1144.3322    0.4313 0.0841 0.4900
MAU2 2017 360   -592.3152    255.4752   1143.5648    0.4553 0.0910 0.5096
MAU2 2017 361   -590.9026    253.2005   1146.0998    0.4071 0.0818 0.4527
MAU2 2017 362   -592.6014    255.1739   1144.6300    0.4418 0.0850 0.4994
MAU2 2017 363   -593.8604    254.1013   1148.5322    0.4370 0.0837 0.4955
MAU2 2017 364   -595.7584    255.2792   1153.6448    0.3913 0.0763 0.4377
MAU2 2017 365   -593.2410    256.6127   1142.6884    0.4018 0.0796 0.4405
MAU2 2018 001   -592.6949    253.4900   1148.1320    0.3481 0.0672 0.3876
MAU2 2018 002   -596.7930    253.5559   1143.3401    0.3481 0.0659 0.3911
MAU2 2018 003   -593.5766    254.9392   1146.8981    0.3748 0.0736 0.4143
MAU2 2018 004   -602.6271    257.6254   1143.9656    0.3966 0.0772 0.4320
MAU2 2018 005   -599.2588    254.9073   1153.0283    0.3550 0.0674 0.3912
MAU2 2018 006   -593.6015    254.3510   1152.4829    0.3344 0.0633 0.3743
MAU2 2018 007   -590.3308    256.5441   1156.1518    0.3453 0.0660 0.3828
MAU2 2018 008   -589.3540    254.4910   1157.2376    0.3419 0.0663 0.3735
MAU2 2018 009   -593.1734    255.1232   1151.4656    0.3490 0.0678 0.3857
MAU2 2018 010   -595.3719    257.0164   1156.4177    0.3743 0.0707 0.4167
MAU2 2018 011   -593.9325    254.3815   1156.6431    0.3746 0.0737 0.4139
MAU2 2018 012   -595.5774    253.7960   1160.0220    0.3882 0.0766 0.4242
MAU2 2018 013   -595.6376    256.7705   1159.4305    0.3606 0.0699 0.3991
MAU2 2018 014   -595.6428    258.2129   1157.5528    0.3573 0.0676 0.3953
MAU2 2018 015   -597.6460    258.1063   1165.8287    0.3564 0.0679 0.3882
MAU2 2018 016   -600.3076    257.8736   1160.1932    0.3479 0.0674 0.3731
MAU2 2018 017   -598.6912    259.4001   1162.3245    0.3451 0.0670 0.3728
MAU2 2018 018   -596.7329    258.2269   1158.9957    0.3429 0.0649 0.3769
MAU2 2018 019   -595.2879    258.6751   1167.1533    0.3624 0.0717 0.3952
MAU2 2018 020   -597.6744    258.5506   1168.7180    0.3761 0.0737 0.4026
MAU2 2018 021   -600.1261    260.7539   1165.8630    0.3580 0.0693 0.3909
MAU2 2018 022   -599.0422    259.7353   1165.6978    0.3590 0.0698 0.3979
MAU2 2018 023   -597.0117    259.6709   1166.0918    0.3773 0.0737 0.4149
MAU2 2018 024   -598.5345    260.4030   1166.7461    0.3610 0.0715 0.3901
MAU2 2018 025   -598.5029    259.5545   1172.7382    0.3513 0.0699 0.3855
MAU2 2018 026   -600.8920    261.0922   1169.1113    0.3419 0.0663 0.3795
MAU2 2018 027   -600.8890    259.9994   1169.1383    0.3306 0.0658 0.3616
MAU2 2018 028   -599.4315    259.0356   1170.8334    0.3259 0.0653 0.3517
MAU2 2018 029   -600.8560    259.8028   1168.7376    0.3445 0.0671 0.3756
MAU2 2018 030   -602.8838    260.2321   1172.2287    0.3531 0.0690 0.3918
MAU2 2018 031   -599.4589    261.9143   1174.6229    0.3423 0.0674 0.3742
MAU2 2018 032   -599.9799    261.2537   1170.8355    0.3675 0.0733 0.3961
MAU2 2018 033   -598.9897    260.0634   1180.1293    0.3982 0.0800 0.4359
MAU2 2018 034   -598.7050    260.7420   1171.6699    0.3792 0.0744 0.4177
MAU2 2018 035   -603.1708    261.0318   1168.1734    0.3896 0.0795 0.4241
MAU2 2018 036   -598.5126    262.3089   1178.0635    0.3803 0.0778 0.4112
MAU2 2018 037   -602.8462    261.1905   1174.8317    0.3837 0.0784 0.4217
MAU2 2018 038   -605.2036    261.5305   1175.1381    0.3645 0.0724 0.4062
MAU2 2018 039   -605.6214    261.7689   1174.6788    0.3703 0.0736 0.4114
MAU2 2018 040   -606.1467    259.9462   1176.7507    0.3511 0.0719 0.3833
MAU2 2018 041   -604.0531    260.8651   1176.7544    0.3436 0.0683 0.3791
MAU2 2018 042   -603.1590    261.0392   1177.4669    0.3381 0.0680 0.3767
MAU2 2018 043   -604.0741    262.6527   1180.0859    0.3480 0.0713 0.3810
MAU2 2018 044   -605.1780    262.7594   1184.9215    0.3403 0.0686 0.3720
MAU2 2018 045   -607.1192    263.2140   1183.0324    0.3442 0.0690 0.3760
MAU2 2018 046   -606.0934    264.8631   1182.5029    0.3615 0.0707 0.4011
MAU2 2018 047   -607.0899    261.9193   1185.9746    0.3605 0.0717 0.3954
MAU2 2018 048   -604.9317    262.0552   1188.7304    0.3796 0.0762 0.4127
MAU2 2018 049   -608.7780    263.2761   1190.2782    0.3966 0.0786 0.4359
MAU2 2018 050   -611.8736    262.5329   1185.5811    0.3875 0.0761 0.4306
MAU2 2018 051   -613.8527    262.2349   1186.2897    0.3777 0.0769 0.4140
MAU2 2018 052   -609.9843    261.8666   1183.0800    0.3731 0.0755 0.4060
MAU2 2018 053   -607.7479    262.7063   1188.3108    0.3453 0.0684 0.3793
MAU2 2018 054   -604.5853    264.1724   1182.1102    0.3693 0.0723 0.4120
MAU2 2018 055   -605.2094    264.5528   1187.3310    0.3574 0.0711 0.3942
MAU2 2018 056   -604.0600    265.3190   1186.1665    0.3513 0.0703 0.3832
MAU2 2018 057   -605.3584    266.1946   1188.1144    0.3506 0.0696 0.3866
MAU2 2018 058   -603.1666    266.9239   1187.5448    0.3593 0.0708 0.3994
MAU2 2018 059   -604.8327    266.6329   1187.7480    0.3513 0.0711 0.3843
MAU2 2018 060   -601.5381    267.7075   1192.5038    0.3454 0.0693 0.3735
MAU2 2018 061   -605.9581    267.4184   1191.2182    0.3448 0.0677 0.3756
MAU2 2018 062   -604.7472    267.8891   1184.7791    0.3469 0.0667 0.3853
MAU2 2018 063   -605.2550    269.2679   1189.0140    0.3625 0.0711 0.3987
MAU2 2018 064   -604.8274    267.7694   1189.7259    0.3453 0.0675 0.3769
MAU2 2018 065   -607.2335    268.8415   1192.6702    0.3229 0.0620 0.3563
MAU2 2018 066   -604.0165    269.0955   1194.2077    0.3350 0.0641 0.3721
MAU2 2018 067   -607.0000    269.0812   1191.9505    0.3587 0.0703 0.3944
MAU2 2018 068   -611.2813    271.0349   1196.0430    0.3533 0.0679 0.3862
MAU2 2018 069   -609.9467    269.8249   1196.8390    0.3631 0.0696 0.3978
MAU2 2018 070   -606.9165    270.4998   1196.8814    0.3358 0.0650 0.3778
MAU2 2018 071   -608.8189    271.3213   1195.7772    0.3605 0.0698 0.4022
MAU2 2018 072   -608.8892    269.7842   1197.6940    0.3472 0.0669 0.3820
MAU2 2018 073   -611.9380    271.7689   1197.6976    0.3740 0.0713 0.4173
MAU2 2018 074   -608.8766    269.8047   1200.3705    0.3504 0.0697 0.3916
MAU2 2018 075   -613.7092    271.9275   1201.7727    0.3668 0.0712 0.4036
MAU2 2018 076   -606.7542    271.7347   1197.4540    0.3878 0.0744 0.4254
MAU2 2018 077   -609.9930    271.4744   1192.9064    0.3712 0.0703 0.4066
MAU2 2018 078   -608.8370    271.7029   1198.0970    0.3523 0.0669 0.3945
MAU2 2018 079   -608.7809    270.8581   1202.0424    0.3462 0.0666 0.3842
MAU2 2018 080   -610.8344    272.6144   1199.2915    0.3519 0.0666 0.3917
MAU2 2018 081   -613.3670    272.0097   1198.4369    0.4035 0.0759 0.4551
MAU2 2018 082   -613.6831    272.9763   1200.3157    0.3776 0.0718 0.4292
MAU2 2018 083   -611.1234    270.7362   1202.7549    0.3387 0.0664 0.3805
MAU2 2018 084   -610.9553    271.2375   1206.3122    0.3358 0.0657 0.3761
MAU2 2018 085   -611.2073    271.8319   1205.0231    0.3308 0.0629 0.3718
MAU2 2018 086   -610.7538    272.2819   1209.0916    0.3247 0.0621 0.3714
MAU2 2018 087   -611.5445    271.6040   1213.1131    0.3398 0.0657 0.3832
MAU2 2018 088   -612.1653    270.6659   1212.5157    0.3261 0.0626 0.3652
MAU2 2018 089   -612.8760    271.7537   1211.1976    0.3325 0.0637 0.3763
MAU2 2018 090   -612.0974    272.2863   1212.5917    0.3228 0.0618 0.3671
MAU2 2018 091   -613.2599    273.2574   1212.3300    0.3179 0.0629 0.3574
MAU2 2018 092   -612.5318    273.9689   1213.6106    0.3215 0.0624 0.3579
MAU2 2018 093   -613.7025    273.6050   1213.3511    0.3317 0.0636 0.3738
MAU2 2018 094   -618.5555    275.0986   1207.6999    0.3584 0.0686 0.4108
MAU2 2018 095   -618.4957    274.5978   1217.9313    0.3371 0.0639 0.3820
MAU2 2018 096   -615.0639    273.8396   1213.3672    0.3228 0.0602 0.3629
MAU2 2018 097   -612.5140    275.6351   1217.7680    0.3276 0.0613 0.3748
MAU2 2018 098   -619.1537    272.9777   1213.8608    0.3415 0.0631 0.3922
MAU2 2018 099   -617.8722    275.2900   1219.6497    0.3415 0.0669 0.3850
MAU2 2018 100   -617.5519    275.2083   1216.0720    0.3766 0.0732 0.4252
MAU2 2018 101   -617.1252    274.3144   1218.5252    0.3730 0.0679 0.4284
MAU2 2018 102   -617.1014    273.1447   1218.5560    0.3325 0.0609 0.3861
MAU2 2018 103   -617.0904    274.4551   1223.1261    0.3116 0.0579 0.3540
MAU2 2018 104   -616.4239    273.4407   1221.9646    0.3192 0.0591 0.3614
MAU2 2018 105   -617.6864    274.6674   1224.8856    0.3178 0.0590 0.3621
MAU2 2018 106   -619.3851    274.2642   1226.4366    0.3362 0.0621 0.3856
MAU2 2018 107   -620.6865    274.8872   1228.0989    0.3212 0.0628 0.3625
MAU2 2018 108   -619.1691    273.8717   1228.4462    0.3051 0.0590 0.3431
MAU2 2018 109   -620.7197    274.4038   1229.6797    0.3183 0.0570 0.3686
MAU2 2018 110   -621.2624    275.4792   1226.0495    0.3200 0.0587 0.3702
MAU2 2018 111   -620.8477    275.1358   1225.7294    0.3279 0.0617 0.3702
MAU2 2018 112   -623.8608    276.6595   1234.5926    0.3324 0.0634 0.3780
MAU2 2018 113   -620.0328    274.7269   1232.8151    0.3114 0.0573 0.3589
MAU2 2018 114   -623.2485    273.3422   1228.0202    0.3131 0.0594 0.3582
MAU2 2018 115   -623.4760    274.9596   1230.4524    0.3061 0.0612 0.3476
MAU2 2018 116   -623.1214    276.5991   1231.6647    0.3536 0.0672 0.4039
MAU2 2018 117   -623.3127    274.6205   1231.0970    0.3537 0.0627 0.4114
MAU2 2018 118   -622.9308    275.0049   1238.0211    0.3206 0.0586 0.3708
MAU2 2018 119   -622.3508    275.3665   1237.0738    0.3122 0.0586 0.3520
MAU2 2018 120   -621.8228    272.5766   1233.8075    0.3222 0.0591 0.3678
MAU2 2018 121   -623.4353    274.7672   1236.2750    0.3454 0.0628 0.3937
MAU2 2018 122   -627.0782    276.0615   1235.0949    0.3456 0.0658 0.3925
MAU2 2018 123   -628.3419    275.5103   1237.9578    0.3389 0.0693 0.3915
MAU2 2018 124   -628.6861    277.3751   1235.7986    0.3053 0.0583 0.3468
MAU2 2018 125   -623.9442    276.8990   1239.3077    0.3072 0.0554 0.3554
MAU2 2018 126   -626.5031    277.3479   1239.0426    0.3216 0.0600 0.3699
MAU2 2018 127   -625.5744    277.3629   1235.3979    0.3299 0.0626 0.3704
MAU2 2018 128   -626.7473    277.0107   1236.3894    0.3370 0.0633 0.3800
MAU2 2018 129   -628.4274    277.7538   1240.5935    0.3187 0.0597 0.3641
MAU2 2018 130   -626.8437    275.6840   1237.7733    0.3542 0.0680 0.4012
MAU2 2018 131   -627.7829    277.3029   1241.3463    0.3152 0.0626 0.3537
MAU2 2018 132   -626.3592    276.9720   1246.0513    0.3054 0.0585 0.3442
MAU2 2018 133   -625.4547    273.1543   1248.2664    0.3486 0.0623 0.4014
MAU2 2018 134   -625.2125    277.5697   1243.1582    0.3491 0.0641 0.3975
MAU2 2018 135   -629.5659    276.6677   1243.8571    0.3186 0.0600 0.3546
MAU2 2018 136   -631.2018    277.8121   1246.4809    0.3232 0.0596 0.3614
MAU2 2018 137   -627.9104    278.5423   1246.1638    0.3581 0.0662 0.4053
MAU2 2018 138   -628.0700    277.6641   1245.5402    0.3330 0.0635 0.3726
MAU2 2018 139   -627.3578    278.5964   1246.7665    0.3258 0.0659 0.3650
MAU2 2018 140   -632.6521    278.3275   1240.9900    0.3714 0.0715 0.4173
MAU2 2018 141   -629.8955    279.4401   1250.7426    0.3201 0.0575 0.3679
MAU2 2018 142   -628.2969    279.2787   1247.9145    0.3155 0.0588 0.3587
MAU2 2018 143   -629.1705    279.5987   1249.4574    0.3232 0.0618 0.3585
MAU2 2018 144   -629.9262    279.7551   1252.4178    0.3287 0.0622 0.3660
MAU2 2018 145   -631.7079    279.4597   1254.4824    0.3309 0.0620 0.3755
MAU2 2018 146   -632.8541    280.2061   1252.6624    0.3575 0.0680 0.4048
MAU2 2018 147   -633.3170    276.1543   1248.8290    0.3508 0.0693 0.3907
MAU2 2018 148   -633.1071    278.2691   1253.9862    0.3438 0.0673 0.3804
MAU2 2018 149   -634.5277    279.4670   1257.1063    0.3991 0.0713 0.4544
MAU2 2018 150   -636.0454    278.4256   1257.3064    0.3514 0.0640 0.3970
MAU2 2018 151   -632.3372    279.2995   1260.2712    0.3367 0.0626 0.3722
MAU2 2018 152   -633.1270    279.1671   1258.0652    0.3182 0.0586 0.3541
MAU2 2018 153   -634.2745    278.7290   1257.9173    0.3139 0.0576 0.3548
MAU2 2018 154   -633.5069    279.2971   1257.1785    0.3141 0.0595 0.3534
MAU2 2018 155   -634.1294    279.1631   1259.1158    0.3147 0.0623 0.3508
MAU2 2018 156   -637.2078    279.9116   1262.7607    0.3472 0.0684 0.3862
MAU2 2018 157   -637.7485    279.9998   1257.0117    0.3227 0.0594 0.3704
MAU2 2018 158   -636.6490    280.8984   1261.5254    0.3160 0.0586 0.3600
MAU2 2018 159   -635.9198    281.9149   1260.8300    0.3552 0.0673 0.3934
MAU2 2018 160   -638.2914    282.2770   1263.2641    0.3402 0.0645 0.3777
MAU2 2018 161   -639.3230    280.1375   1256.2313    0.3687 0.0694 0.4165
MAU2 2018 162   -640.1731    279.8478   1258.2116    0.3524 0.0671 0.3967
MAU2 2018 163   -639.5945    279.5245   1255.1094    0.3267 0.0647 0.3612
MAU2 2018 164   -640.5278    279.8982   1260.6833    0.2992 0.0589 0.3295
MAU2 2018 165   -639.2558    280.7018   1261.1595    0.2929 0.0538 0.3327
MAU2 2018 166   -639.2359    280.9964   1261.8031    0.3189 0.0587 0.3591
MAU2 2018 167   -641.2242    280.7950   1263.2986    0.3477 0.0663 0.3822
MAU2 2018 168   -640.7701    280.4564   1265.5495    0.3104 0.0592 0.3433
MAU2 2018 169   -641.4244    280.2474   1261.8085    0.3076 0.0574 0.3450
MAU2 2018 170   -644.0451    278.0850   1264.2460    0.3197 0.0619 0.3575
MAU2 2018 171   -643.8011    279.1763   1267.7000    0.3340 0.0675 0.3684
MAU2 2018 172   -643.5591    280.0266   1267.8552    0.3414 0.0684 0.3767
MAU2 2018 173   -644.4169    281.1219   1268.5578    0.3576 0.0671 0.4075
MAU2 2018 174   -643.2118    280.7458   1267.8215    0.3558 0.0680 0.3990
MAU2 2018 175   -642.7909    279.8991   1271.8489    0.3468 0.0679 0.3766
MAU2 2018 176   -646.0418    279.2896   1271.4019    0.3771 0.0738 0.4125
MAU2 2018 177   -650.3986    282.9038   1271.2757    0.3782 0.0737 0.4174
MAU2 2018 178   -644.4487    284.9281   1272.9906    0.3861 0.0735 0.4299
MAU2 2018 179   -644.0254    279.7652   1273.4512    0.3702 0.0740 0.4034
MAU2 2018 180   -651.7448    282.0922   1271.9303    0.3793 0.0737 0.4075
MAU2 2018 181   -647.5739    283.3192   1278.6727    0.3638 0.0669 0.4054
MAU2 2018 182   -645.8974    282.6937   1277.6149    0.3515 0.0659 0.3897
MAU2 2018 183   -647.7040    282.6359   1275.0890    0.3487 0.0665 0.3769
MAU2 2018 184   -647.8572    282.8339   1282.4949    0.3509 0.0665 0.3823
MAU2 2018 185   -649.5725    284.6002   1277.2341    0.3482 0.0636 0.3875
MAU2 2018 186   -649.7246    285.5697   1277.3514    0.3572 0.0673 0.3946
MAU2 2018 187   -648.4473    283.9259   1278.0822    0.3531 0.0702 0.3837
MAU2 2018 188   -650.9198    285.3880   1280.2698    0.3412 0.0664 0.3727
MAU2 2018 189   -648.1933    284.1795   1281.1762    0.3273 0.0602 0.3690
MAU2 2018 190   -649.3720    286.0835   1278.1383    0.4482 0.0094 0.4835
MAU2 2018 191   -649.8110    285.2470   1280.6022    0.4564 0.0137 0.4734
MAU2 2018 192   -650.8257    284.0313   1279.8329    0.4549 0.0121 0.4852
MAU2 2018 193   -658.1129    285.9469   1281.7869    0.5070 0.0048 0.5406
MAU2 2018 194   -655.1356    283.1147   1274.6183    0.5217 0.0124 0.5619
MAU2 2018 195   -652.9596    282.7964   1275.6193    0.5550 0.0147 0.5888
MAU2 2018 196   -652.0558    284.9236   1282.6165    0.4785 0.0121 0.5103
MAU2 2018 197   -653.9973    286.9904   1294.1637    0.4501 0.0081 0.4921
MAU2 2018 198   -651.8118    286.3789   1287.9136    0.4476 0.0074 0.4864
MAU2 2018 199   -651.6906    285.5384   1288.3891    0.4456 0.0130 0.4725
MAU2 2018 200   -654.8072    285.1235   1287.7781    0.4486 0.0111 0.4822
MAU2 2018 201   -654.4641    286.8857   1290.1934    0.4521 0.0086 0.4926
MAU2 2018 202   -651.6505    286.3785   1296.0758    0.4572 0.0125 0.4965
MAU2 2018 203   -654.7111    284.3243   1287.2380    0.4806 0.0149 0.5126
MAU2 2018 204   -655.8959    286.9441   1293.7093    0.4355 0.0134 0.4660
MAU2 2018 205   -655.9995    290.0573   1299.5351    0.4420 0.0055 0.4841
MAU2 2018 206   -654.9224    289.6042   1295.0584    0.4376 0.0087 0.4714
MAU2 2018 207   -654.7232    290.5708   1301.7074    0.4357 0.0147 0.4603
MAU2 2018 208   -657.2978    286.1730   1296.9828    0.4386 0.0124 0.4694
MAU2 2018 209   -658.6179    290.3535   1296.3610    0.4341 0.0115 0.4699
MAU2 2018 210   -655.6603    288.4434   1302.7299    0.4566 0.0102 0.4916
MAU2 2018 211   -657.2294    288.3674   1301.8839    0.4510 0.0130 0.4805
MAU2 2018 212   -660.9458    289.5269   1303.8343    0.4439 0.0077 0.4741
MAU2 2018 213   -661.5624    290.6399   1311.2481    0.4384 0.0067 0.4816
MAU2 2018 214   -661.1133    290.8131   1308.9684    0.4667 0.0011 0.5197
MAU2 2018 215   -663.9607    289.4751   1309.1257    0.4779 0.0201 0.5137
MAU2 2018 216   -662.8664    288.2703   1302.5291    0.4558 0.0135 0.4896
MAU2 2018 217   -669.2291    288.9536   1307.9561    0.4838 0.0123 0.5251
MAU2 2018 218   -664.0770    288.0129   1316.0778    0.5033 0.0139 0.5374
MAU2 2018 219   -667.2586    287.5815   1312.6676    0.5081 0.0144 0.5451
MAU2 2018 220   -663.6100    289.4913   1313.2681    0.3081 0.0576 0.3393
MAU2 2018 221   -663.9306    289.5487   1315.2608    0.3129 0.0557 0.3551
MAU2 2018 222   -664.6175    287.9348   1317.9585    0.3226 0.0599 0.3561
MAU2 2018 223   -666.7103    292.2088   1320.3700    0.3282 0.0620 0.3544
MAU2 2018 224   -667.0184    291.9119   1322.9316    0.3229 0.0592 0.3551
MAU2 2018 225   -667.7343    289.7343   1315.8717    0.3369 0.0614 0.3734
MAU2 2018 226   -666.5754    289.9205   1318.1073    0.3112 0.0589 0.3423
MAU2 2018 227   -666.1842    290.2044   1321.3369    0.3134 0.0625 0.3400
MAU2 2018 228   -669.0224    291.2964   1319.7207    0.3251 0.0609 0.3600
MAU2 2018 229   -667.8172    289.7300   1323.9037    0.3507 0.0630 0.4011
MAU2 2018 230   -666.8677    291.3063   1319.8153    0.3295 0.0617 0.3660
MAU2 2018 231   -670.9608    290.2407   1323.2750    0.3216 0.0618 0.3492
MAU2 2018 232   -668.3158    291.1626   1326.4588    0.3114 0.0589 0.3439
MAU2 2018 233   -669.1909    292.5006   1325.8780    0.3090 0.0583 0.3455
MAU2 2018 234   -672.6735    294.1991   1329.8328    0.3283 0.0638 0.3612
MAU2 2018 235   -674.6107    290.4042   1327.3349    0.3452 0.0692 0.3743
MAU2 2018 236   -673.4886    291.6954   1326.6211    0.3131 0.0585 0.3462
MAU2 2018 237   -670.2251    291.9925   1324.8954    0.3187 0.0562 0.3619
MAU2 2018 238   -671.4414    293.1223   1329.0805    0.3181 0.0583 0.3519
MAU2 2018 239   -673.7428    293.5474   1331.6421    0.3226 0.0594 0.3479
MAU2 2018 240   -678.8716    294.2210   1333.3789    0.3237 0.0577 0.3547
MAU2 2018 241   -676.7994    294.1794   1335.8550    0.3252 0.0568 0.3616
MAU2 2018 242   -674.6357    292.5280   1333.2146    0.3119 0.0587 0.3469
MAU2 2018 243   -674.8811    293.7133   1334.6506    0.3030 0.0598 0.3301
MAU2 2018 244   -675.0365    294.4715   1335.9812    0.3216 0.0610 0.3479
MAU2 2018 245   -676.1118    295.8303   1337.5619    0.3236 0.0570 0.3720
MAU2 2018 246   -675.4873    295.0499   1338.0266    0.3231 0.0590 0.3668
MAU2 2018 247   -676.9973    296.4399   1342.2966    0.3194 0.0600 0.3537
MAU2 2018 248   -676.7810    294.7306   1343.6819    0.3310 0.0611 0.3676
MAU2 2018 249   -678.5407    295.2510   1345.8517    0.3301 0.0600 0.3743
MAU2 2018 250   -678.8166    297.2394   1346.6785    0.3129 0.0596 0.3512
MAU2 2018 251   -679.3965    297.0918   1346.0710    0.3139 0.0613 0.3458
MAU2 2018 252   -680.1522    295.6228   1347.4673    0.3194 0.0601 0.3538
MAU2 2018 253   -678.6278    295.5626   1346.0741    0.3122 0.0566 0.3567
MAU2 2018 254   -681.4398    296.9521   1349.6116    0.3209 0.0606 0.3646
MAU2 2018 255   -680.0316    296.4229   1350.0964    0.3144 0.0599 0.3474
MAU2 2018 256   -681.0372    296.6776   1352.7732    0.3115 0.0588 0.3456
MAU2 2018 257   -680.8890    296.8332   1348.4029    0.3175 0.0580 0.3607
MAU2 2018 258   -681.4543    297.3886   1354.3546    0.3235 0.0625 0.3642
MAU2 2018 259   -684.2291    297.3692   1353.5329    0.3246 0.0643 0.3596
MAU2 2018 260   -685.7011    299.9807   1357.3906    0.3430 0.0652 0.3845
MAU2 2018 261   -685.4172    297.9332   1353.8867    0.3496 0.0634 0.4020
MAU2 2018 262   -686.8640    299.1601   1352.7383    0.3512 0.0654 0.3998
MAU2 2018 263   -687.3065    299.1424   1357.3759    0.3795 0.0728 0.4155
MAU2 2018 264   -687.0852    300.1932   1351.3476    0.3819 0.0717 0.4230
MAU2 2018 265   -686.8683    298.0051   1353.0836    0.3866 0.0704 0.4371
MAU2 2018 266   -687.0283    295.1723   1354.0341    0.3509 0.0676 0.3914
MAU2 2018 267   -688.5745    298.0588   1361.4284    0.3277 0.0634 0.3586
MAU2 2018 268   -690.5929    298.4145   1358.3357    0.3224 0.0603 0.3572
MAU2 2018 269   -690.4183    298.6630   1357.3501    0.3207 0.0570 0.3655
MAU2 2018 270   -689.0480    296.7720   1366.0965    0.3310 0.0612 0.3751
MAU2 2018 271   -688.5742    299.6760   1364.8901    0.3426 0.0640 0.3780
MAU2 2018 272   -689.9660    297.8813   1361.6316    0.3549 0.0657 0.3942
MAU2 2018 273   -693.0949    297.4224   1359.1158    0.3357 0.0607 0.3818
MAU2 2018 274   -690.7668    300.6510   1359.6246    0.3235 0.0617 0.3622
MAU2 2018 275   -694.1136    300.1602   1360.2988    0.3353 0.0660 0.3694
MAU2 2018 276   -691.5007    299.5278   1363.2121    0.3258 0.0612 0.3642
MAU2 2018 277   -691.6674    301.4383   1360.9986    0.3203 0.0576 0.3722
MAU2 2018 278   -693.8621    300.2930   1362.8661    0.3183 0.0585 0.3610
MAU2 2018 279   -694.2614    301.0532   1370.3729    0.3367 0.0635 0.3719
MAU2 2018 280   -698.8028    301.6332   1371.1419    0.3446 0.0632 0.3796
MAU2 2018 281   -695.2025    299.4198   1367.2158    0.3424 0.0608 0.3866
MAU2 2018 282   -699.3618    300.4499   1365.9674    0.3368 0.0631 0.3722
MAU2 2018 283   -695.3779    298.4751   1368.3118    0.3426 0.0650 0.3702
MAU2 2018 284   -696.2547    299.3887   1372.1154    0.3362 0.0614 0.3694
MAU2 2018 285   -697.2388    301.0805   1369.2726    0.3288 0.0588 0.3703
MAU2 2018 286   -696.3032    301.1550   1373.3733    0.3321 0.0603 0.3738
MAU2 2018 287   -695.0683    302.1664   1375.3097    0.3333 0.0622 0.3680
MAU2 2018 288   -699.0140    301.8931   1378.1931    0.3365 0.0620 0.3745
MAU2 2018 289   -698.6332    299.4242   1376.1297    0.3438 0.0616 0.3913
MAU2 2018 290   -697.0193    302.7071   1378.3020    0.3342 0.0633 0.3715
MAU2 2018 291   -698.1129    302.6631   1380.9995    0.3545 0.0691 0.3863
MAU2 2018 292   -700.3779    302.4399   1380.9970    0.3614 0.0682 0.4001
MAU2 2018 293   -699.2327    303.0125   1375.9878    0.3439 0.0621 0.3900
MAU2 2018 294   -703.9341    301.2092   1375.5351    0.3464 0.0641 0.3860
MAU2 2018 295   -700.3475    300.9308   1382.6287    0.3299 0.0625 0.3586
MAU2 2018 296   -699.8460    302.2168   1380.5742    0.3356 0.0628 0.3666
MAU2 2018 297   -703.7337    302.1474   1373.8694    0.3318 0.0608 0.3710
MAU2 2018 298   -698.9130    301.4101   1379.2348    0.3501 0.0666 0.3882
MAU2 2018 299   -703.5588    302.5768   1382.1861    0.3620 0.0701 0.3889
MAU2 2018 300   -704.7810    303.0286   1383.4634    0.3508 0.0664 0.3831
MAU2 2018 301   -703.8051    304.1151   1382.0348    0.3530 0.0648 0.3991
MAU2 2018 302   -705.0006    304.5065   1383.6513    0.3888 0.0738 0.4365
MAU2 2018 303   -703.6560    304.4093   1383.2761    0.3541 0.0676 0.3852
MAU2 2018 304   -702.4465    305.0113   1383.6409    0.3395 0.0646 0.3743
MAU2 2018 305   -706.0645    305.0781   1385.0501    0.3371 0.0618 0.3786
MAU2 2018 306   -704.8271    303.0097   1386.9631    0.3662 0.0701 0.4015
MAU2 2018 307   -709.0471    306.6569   1391.7360    0.3530 0.0693 0.3807
MAU2 2018 308   -710.1018    304.7102   1396.6965    0.3662 0.0700 0.3982
MAU2 2018 309   -711.5278    306.5583   1392.9832    0.3466 0.0624 0.3883
MAU2 2018 310   -704.3917    305.5705   1392.3946    0.3268 0.0608 0.3630
MAU2 2018 311   -703.9221    305.6877   1395.2818    0.3362 0.0639 0.3628
MAU2 2018 312   -710.0244    307.2285   1399.6742    0.3368 0.0620 0.3679
MAU2 2018 313   -709.3171    308.5418   1394.9438    0.3589 0.0656 0.4012
MAU2 2018 314   -707.5558    307.3282   1400.3627    0.3864 0.0737 0.4207
MAU2 2018 315   -708.2185    306.9106   1398.0296    0.3897 0.0751 0.4232
MAU2 2018 316   -708.4166    305.3983   1403.0940    0.3850 0.0734 0.4242
MAU2 2018 317   -708.9751    306.8827   1399.2457    0.3413 0.0613 0.3874
MAU2 2018 318   -711.0676    308.0442   1402.7295    0.3539 0.0650 0.3966
MAU2 2018 319   -712.0502    307.7686   1403.4473    0.3555 0.0670 0.3894
MAU2 2018 320   -714.1987    309.5311   1406.9034    0.3482 0.0650 0.3833
MAU2 2018 321   -711.6208    307.3582   1399.8806    0.3526 0.0643 0.3970
MAU2 2018 322   -710.7520    308.0335   1407.0500    0.3442 0.0659 0.3756
MAU2 2018 323   -713.0390    309.3754   1409.8431    0.3445 0.0683 0.3684
MAU2 2018 324   -712.4665    309.0786   1406.0170    0.3479 0.0679 0.3791
MAU2 2018 325   -714.7954    308.8866   1403.9720    0.3580 0.0665 0.4041
MAU2 2018 326   -715.5878    306.1557   1407.9103    0.3633 0.0685 0.4019
MAU2 2018 327   -711.5647    308.0558   1414.0371    0.3506 0.0684 0.3799
MAU2 2018 328   -711.4752    308.2769   1417.3257    0.3223 0.0621 0.3579
MAU2 2018 329   -713.9029    309.0594   1414.8892    0.3510 0.0653 0.3936
MAU2 2018 330   -714.0781    309.3504   1413.4797    0.3560 0.0696 0.3884
MAU2 2018 331   -713.0980    310.0962   1414.7862    0.3368 0.0669 0.3678
MAU2 2018 332   -714.4051    309.7486   1410.6881    0.3409 0.0665 0.3778
MAU2 2018 333   -715.6588    310.4610   1415.3946    0.3450 0.0649 0.3951
MAU2 2018 334   -716.2813    309.6889   1420.6381    0.3738 0.0723 0.4193
MAU2 2018 335   -712.9215    308.9051   1416.5594    0.3519 0.0685 0.3888
MAU2 2018 336   -715.0601    311.2957   1423.6488    0.3392 0.0668 0.3745
MAU2 2018 337   -715.5664    311.7945   1423.2288    0.3396 0.0655 0.3825
MAU2 2018 338   -717.2571    311.3786   1421.3060    0.3521 0.0699 0.3896
MAU2 2018 339   -718.3470    311.9658   1425.0979    0.3634 0.0725 0.3942
MAU2 2018 340   -717.7847    310.6804   1424.3354    0.3613 0.0719 0.3955
MAU2 2018 341   -719.3912    312.2425   1424.1840    0.3807 0.0738 0.4311
MAU2 2018 342   -719.1227    312.2448   1433.3740    0.3756 0.0733 0.4168
MAU2 2018 343   -721.0189    311.2858   1425.7097    0.3600 0.0701 0.3933
MAU2 2018 344   -719.3936    311.5470   1429.4719    0.3624 0.0699 0.4001
MAU2 2018 345   -721.3164    313.3472   1424.8049    0.4010 0.0762 0.4517
MAU2 2018 346   -720.0389    314.9803   1433.0783    0.3584 0.0694 0.3981
MAU2 2018 347   -722.5223    314.0290   1436.4286    0.3778 0.0750 0.4149
MAU2 2018 348   -723.9925    313.4309   1427.7021    0.3798 0.0753 0.4185
MAU2 2018 349   -720.1091    313.6096   1431.8190    0.3514 0.0650 0.4005
MAU2 2018 350   -721.9992    313.3964   1436.2028    0.3762 0.0720 0.4184
MAU2 2018 351   -720.3131    312.1653   1435.4045    0.3810 0.0739 0.4165
MAU2 2018 352   -720.8057    312.3810   1436.3285    0.3502 0.0677 0.3855
MAU2 2018 353   -721.5367    312.1978   1433.1916    0.3913 0.0734 0.4375
MAU2 2018 354   -723.3780    312.4165   1432.9195    0.3840 0.0751 0.4211
MAU2 2018 355   -721.4629    313.5304   1439.9544    0.3584 0.0706 0.3859
MAU2 2018 356   -722.6268    314.6336   1442.2523    0.3582 0.0688 0.3910
MAU2 2018 357   -722.8485    315.4513   1445.6413    0.3383 0.0614 0.3793
MAU2 2018 358   -722.4077    316.3402   1444.8990    0.3595 0.0671 0.3940
MAU2 2018 359   -722.2093    315.5516   1449.1854    0.3619 0.0685 0.3915
MAU2 2018 360   -722.4117    315.3590   1448.5596    0.3889 0.0734 0.4241
MAU2 2018 361   -726.6744    316.5478   1453.3584    0.3612 0.0663 0.4038
MAU2 2018 362   -725.3818    315.7133   1450.2374    0.3588 0.0675 0.3941
MAU2 2018 363   -725.4496    313.3089   1449.7067    0.3770 0.0744 0.4090
MAU2 2018 364   -726.1927    315.4191   1451.0249    0.3519 0.0670 0.3835
MAU2 2018 365   -725.7125    315.8519   1450.3782    0.3548 0.0624 0.3996
MAU2 2019 001   -728.2453    319.3874   1452.8125    0.3831 0.0699 0.4176
MAU2 2019 002   -725.6845    316.3720   1452.3238    0.3714 0.0704 0.3966
MAU2 2019 003   -726.6308    316.9510   1454.8697    0.3693 0.0682 0.3998
MAU2 2019 004   -725.3818    318.0441   1453.9716    0.3711 0.0676 0.4166
MAU2 2019 005   -728.5086    317.9729   1450.8744    0.3694 0.0704 0.4040
MAU2 2019 006   -727.1407    318.2536   1451.4976    0.3843 0.0759 0.4080
MAU2 2019 007   -731.6540    318.8076   1455.0781    0.3918 0.0736 0.4232
MAU2 2019 008   -738.2731    318.3631   1455.8404    0.3875 0.0703 0.4354
MAU2 2019 009   -734.8383    318.5268   1461.2782    0.3862 0.0741 0.4205
MAU2 2019 010   -729.6028    316.7416   1456.4091    0.3830 0.0752 0.4080
MAU2 2019 011   -731.0088    318.4467   1458.1451    0.3802 0.0709 0.4109
MAU2 2019 012   -731.4493    320.4729   1456.5449    0.3781 0.0695 0.4246
MAU2 2019 013   -730.3531    319.2514   1455.9736    0.3820 0.0737 0.4198
MAU2 2019 014   -728.7374    319.5205   1464.8791    0.3920 0.0787 0.4214
MAU2 2019 015   -733.2117    318.2637   1460.0847    0.3852 0.0736 0.4199
MAU2 2019 016   -739.6320    318.4217   1461.1848    0.3741 0.0687 0.4176
MAU2 2019 017   -731.1247    318.6100   1468.3894    0.3791 0.0721 0.4141
MAU2 2019 018   -728.7208    318.7520   1464.1907    0.3671 0.0717 0.3874
MAU2 2019 019   -732.6432    318.8681   1463.6587    0.3781 0.0723 0.4030
MAU2 2019 020   -731.9837    319.9471   1463.4540    0.3770 0.0719 0.4213
MAU2 2019 021   -733.6199    320.3798   1468.8494    0.3720 0.0734 0.4075
MAU2 2019 022   -732.4734    321.1719   1471.9442    0.3635 0.0742 0.3870
MAU2 2019 023   -733.4091    320.3491   1471.2965    0.3626 0.0664 0.3975
MAU2 2019 024   -733.9049    321.2854   1468.8354    0.3783 0.0721 0.4235
MAU2 2019 025   -735.3464    321.3153   1471.7597    0.3837 0.0762 0.4206
MAU2 2019 026   -735.1049    320.3131   1472.4086    0.3521 0.0702 0.3797
MAU2 2019 027   -732.7776    321.6082   1472.6006    0.3533 0.0685 0.3869
MAU2 2019 028   -734.5021    322.4236   1472.9940    0.3655 0.0696 0.4128
MAU2 2019 029   -737.6559    321.5329   1472.7432    0.3995 0.0786 0.4406
MAU2 2019 030   -739.4030    320.5336   1473.5164    0.3874 0.0789 0.4156
MAU2 2019 031   -738.4002    321.2437   1473.3843    0.3629 0.0682 0.4043
MAU2 2019 032   -736.7513    321.6930   1476.5692    0.3490 0.0644 0.3935
MAU2 2019 033   -735.4123    321.1670   1488.4034    0.3670 0.0721 0.4014
MAU2 2019 034   -737.8787    321.9326   1485.1484    0.3958 0.0770 0.4295
MAU2 2019 035   -737.3097    322.4915   1479.7565    0.4148 0.0782 0.4535
MAU2 2019 036   -738.0309    321.8799   1481.8332    0.3916 0.0734 0.4350
MAU2 2019 037   -738.5788    322.2391   1483.4428    0.3765 0.0738 0.4124
MAU2 2019 038   -741.4954    322.6042   1486.3040    0.3629 0.0732 0.3933
MAU2 2019 039   -742.5593    322.0917   1486.5386    0.3692 0.0691 0.4075
MAU2 2019 040   -742.7713    323.5115   1486.9813    0.3635 0.0678 0.4086
MAU2 2019 041   -740.3654    323.8210   1484.9423    0.3764 0.0732 0.4137
MAU2 2019 042   -742.1105    321.6641   1487.3381    0.3725 0.0718 0.4069
MAU2 2019 043   -741.2473    321.8045   1494.3492    0.4260 0.0800 0.4689
MAU2 2019 044   -743.9164    325.2838   1490.0546    0.3645 0.0680 0.4083
MAU2 2019 045   -741.9488    324.8310   1489.8332    0.3744 0.0708 0.4130
MAU2 2019 046   -741.4581    323.3088   1495.9757    0.3712 0.0737 0.3985
MAU2 2019 047   -738.6138    328.0841   1502.0675    0.3700 0.0674 0.4039
MAU2 2019 048   -743.3891    326.6908   1497.5497    0.3762 0.0693 0.4223
MAU2 2019 049   -745.2160    326.1360   1498.6949    0.3833 0.0732 0.4208
MAU2 2019 050   -748.5050    326.1007   1493.2144    0.4094 0.0775 0.4460
MAU2 2019 051   -747.8195    326.4464   1506.9594    0.3873 0.0705 0.4272
MAU2 2019 052   -745.7619    321.9706   1488.0564    0.4122 0.0751 0.4614
MAU2 2019 053   -748.4192    325.9187   1503.0380    0.4032 0.0765 0.4431
MAU2 2019 054   -750.1647    324.7254   1506.9638    0.3736 0.0732 0.4108
MAU2 2019 055   -751.1388    324.5102   1496.3194    0.3648 0.0655 0.4037
MAU2 2019 056   -752.7729    326.5837   1500.9897    0.3507 0.0659 0.3982
MAU2 2019 057   -749.3672    327.1054   1503.9495    0.3547 0.0673 0.3946
MAU2 2019 058   -749.5005    327.1400   1503.3198    0.3523 0.0663 0.3848
MAU2 2019 059   -749.4759    328.6886   1505.6054    0.3640 0.0675 0.4028
MAU2 2019 060   -752.3123    326.4207   1500.0231    0.3756 0.0694 0.4187
MAU2 2019 061   -752.3931    326.7479   1505.0186    0.3602 0.0694 0.3954
MAU2 2019 062   -753.3007    330.7398   1509.0964    0.3821 0.0752 0.4164
MAU2 2019 063   -756.0801    332.8311   1510.6791    0.3918 0.0715 0.4321
MAU2 2019 064   -756.1153    330.1445   1505.0513    0.3511 0.0648 0.3972
MAU2 2019 065   -753.3709    330.0808   1506.4687    0.4021 0.0745 0.4414
MAU2 2019 066   -753.6286    328.5630   1501.8785    0.4353 0.0808 0.4788
MAU2 2019 067   -753.0097    329.7342   1518.2119    0.3651 0.0663 0.4058
MAU2 2019 068   -756.0286    327.5032   1525.0532    0.3907 0.0701 0.4398
MAU2 2019 069   -760.4542    326.9953   1519.7859    0.3863 0.0733 0.4261
MAU2 2019 070   -753.6280    330.1714   1510.6009    0.3563 0.0692 0.3929
MAU2 2019 071   -755.6169    331.3800   1514.0609    0.3834 0.0689 0.4279
MAU2 2019 072   -755.3165    330.7732   1517.4091    0.3692 0.0677 0.4166
MAU2 2019 073   -755.9725    329.9299   1516.4171    0.3483 0.0661 0.3859
MAU2 2019 074   -756.8475    330.5553   1518.4514    0.4998 0.0925 0.5509
MAU2 2019 075   -756.3933    330.5348   1518.0569    0.3593 0.0667 0.3936
MAU2 2019 076   -755.9058    329.8537   1517.5055    0.3754 0.0670 0.4214
MAU2 2019 077   -759.8648    329.4314   1518.4852    0.3589 0.0687 0.3937
MAU2 2019 078   -757.4815    328.5875   1521.9586    0.3357 0.0647 0.3669
MAU2 2019 079   -756.1500    329.5266   1524.7185    0.3398 0.0626 0.3676
MAU2 2019 080   -758.5537    329.7912   1525.8151    0.3458 0.0605 0.3929
MAU2 2019 081   -757.9804    329.3888   1523.8235    0.3433 0.0617 0.3870
MAU2 2019 082   -760.1878    330.5604   1521.9591    0.3635 0.0672 0.4022
MAU2 2019 083   -757.5116    330.4801   1526.0662    0.3319 0.0612 0.3708
MAU2 2019 084   -758.6036    331.2673   1527.9363    0.3353 0.0605 0.3816
MAU2 2019 085   -759.0717    331.3189   1527.4177    0.3330 0.0640 0.3714
MAU2 2019 086   -760.0449    332.2672   1533.1319    0.3282 0.0634 0.3667
MAU2 2019 087   -761.5248    333.0881   1530.7085    0.3288 0.0596 0.3727
MAU2 2019 088   -760.5397    331.2865   1528.9843    0.3323 0.0607 0.3814
MAU2 2019 089   -760.8680    333.8902   1532.8539    0.3369 0.0631 0.3750
MAU2 2019 090   -758.9817    332.5163   1531.1932    0.3654 0.0678 0.4085
MAU2 2019 091   -760.2105    332.0302   1538.5563    0.3612 0.0653 0.4053
MAU2 2019 092   -762.9689    330.6945   1536.2605    0.3687 0.0665 0.4209
MAU2 2019 093   -763.6062    332.1695   1537.4672    0.3732 0.0726 0.4127
MAU2 2019 094   -762.1310    332.3103   1535.4411    0.3790 0.0726 0.4215
MAU2 2019 095   -762.5695    331.0500   1538.6185    0.3309 0.0603 0.3749
MAU2 2019 096   -762.7178    331.2187   1540.7703    0.3382 0.0614 0.3876
MAU2 2019 097   -763.3783    332.4059   1542.2643    0.3328 0.0615 0.3706
MAU2 2019 098   -764.6910    332.7145   1542.9048    0.3330 0.0618 0.3724
MAU2 2019 099   -766.0635    335.1876   1547.2875    0.3451 0.0621 0.3881
MAU2 2019 100   -764.7195    332.4179   1542.4015    0.3388 0.0590 0.3871
MAU2 2019 101   -766.3637    333.0999   1547.4990    0.3283 0.0621 0.3690
MAU2 2019 102   -766.9270    334.5375   1546.5388    0.3486 0.0673 0.3910
MAU2 2019 103   -773.3052    337.5449   1543.8627    0.3744 0.0672 0.4294
MAU2 2019 104   -768.1078    335.2827   1547.9979    0.3516 0.0635 0.4061
MAU2 2019 105   -765.3607    334.7653   1550.8815    0.3237 0.0607 0.3627
MAU2 2019 106   -768.9782    336.1093   1548.0499    0.3317 0.0628 0.3731
MAU2 2019 107   -770.9185    335.7877   1552.0733    0.3436 0.0632 0.3898
MAU2 2019 108   -771.0052    336.6305   1554.5226    0.3437 0.0640 0.3914
MAU2 2019 109   -769.2979    335.5039   1559.2259    0.3380 0.0674 0.3759
MAU2 2019 110   -767.7533    335.4503   1555.0839    0.3314 0.0641 0.3688
MAU2 2019 111   -770.0499    335.0221   1558.6959    0.3378 0.0618 0.3819
MAU2 2019 112   -769.8922    336.8933   1553.3145    0.3376 0.0608 0.3842
MAU2 2019 113   -771.3758    336.9397   1556.2928    0.3350 0.0634 0.3721
MAU2 2019 114   -772.4435    339.1864   1558.7447    0.3466 0.0643 0.3841
MAU2 2019 115   -772.1442    337.1045   1559.8380    0.3464 0.0632 0.3934
MAU2 2019 116   -771.6866    338.1130   1553.5057    0.3407 0.0611 0.3881
MAU2 2019 117   -776.0315    337.1527   1558.6858    0.3690 0.0699 0.4092
MAU2 2019 118   -776.2821    337.9912   1562.9581    0.3779 0.0728 0.4219
MAU2 2019 119   -774.5848    336.7715   1567.7703    0.3405 0.0614 0.3861
MAU2 2019 120   -773.1025    337.9741   1565.0307    0.3351 0.0600 0.3764
MAU2 2019 121   -776.6223    337.0937   1564.6332    0.3650 0.0682 0.4027
MAU2 2019 122   -782.5771    339.2461   1567.5394    0.4161 0.0760 0.4609
MAU2 2019 123   -776.1686    337.3888   1565.6611    0.3827 0.0697 0.4268
MAU2 2019 124   -775.9093    338.8630   1564.0818    0.4139 0.0760 0.4637
MAU2 2019 125   -772.9250    337.2937   1564.5612    0.3589 0.0694 0.3944
MAU2 2019 126   -774.4763    335.9553   1572.5708    0.3477 0.0679 0.3831
MAU2 2019 127   -775.3420    337.1435   1565.9482    0.3467 0.0636 0.3903
MAU2 2019 128   -775.0201    337.4145   1567.5631    0.3438 0.0637 0.3882
MAU2 2019 129   -776.1872    337.8769   1570.0548    0.3506 0.0670 0.3870
MAU2 2019 130   -776.5489    338.2989   1568.7435    0.3500 0.0660 0.3886
MAU2 2019 131   -778.3993    337.4497   1568.4971    0.3688 0.0677 0.4167
MAU2 2019 132   -779.0610    338.4421   1568.8594    0.3865 0.0718 0.4393
MAU2 2019 133   -780.0120    338.3816   1566.4319    0.3548 0.0673 0.3927
MAU2 2019 134   -780.3385    339.0869   1571.6472    0.3512 0.0670 0.3894
MAU2 2019 135   -780.4392    338.6406   1574.1475    0.3507 0.0623 0.3974
MAU2 2019 136   -780.6445    340.3307   1576.4517    0.3617 0.0648 0.4067
MAU2 2019 137   -782.5858    341.0382   1579.3651    0.3916 0.0725 0.4300
MAU2 2019 138   -781.1206    339.9742   1575.6438    0.3725 0.0677 0.4111
MAU2 2019 139   -781.1360    340.7715   1578.2166    0.3494 0.0633 0.3914
MAU2 2019 140   -781.4525    340.4166   1581.4029    0.3501 0.0632 0.3925
MAU2 2019 141   -780.9318    338.9114   1578.5872    0.3439 0.0649 0.3778
MAU2 2019 142   -781.8396    341.1359   1582.1448    0.3373 0.0657 0.3699
MAU2 2019 143   -782.8385    341.1785   1583.5721    0.3344 0.0600 0.3797
MAU2 2019 144   -784.5853    341.6680   1585.0371    0.3406 0.0626 0.3842
MAU2 2019 145   -785.4721    342.4209   1586.9112    0.3490 0.0649 0.3849
MAU2 2019 146   -783.6542    340.5451   1582.8646    0.3477 0.0638 0.3834
MAU2 2019 147   -785.7320    339.2113   1583.6660    0.3660 0.0670 0.4094
MAU2 2019 148   -787.0752    338.8468   1584.5967    0.3625 0.0662 0.4051
MAU2 2019 149   -784.9531    339.3569   1587.8950    0.3530 0.0676 0.3883
MAU2 2019 150   -784.9437    339.4553   1587.0459    0.4057 0.0786 0.4453
MAU2 2019 151   -786.5781    341.4138   1588.5560    0.3786 0.0696 0.4287
MAU2 2019 152   -788.7901    339.8181   1585.2179    0.3890 0.0731 0.4348
MAU2 2019 153   -787.9022    340.4987   1585.9330    0.3789 0.0716 0.4146
MAU2 2019 154   -787.3293    341.3800   1591.8690    0.3514 0.0664 0.3875
MAU2 2019 155   -789.2660    339.8748   1590.3173    0.3910 0.0732 0.4376
MAU2 2019 156   -789.7265    340.7996   1578.9316    0.4102 0.0752 0.4590
MAU2 2019 157   -791.0407    341.0502   1585.5223    0.3956 0.0760 0.4389
MAU2 2019 158   -790.7639    341.8135   1590.6999    0.3719 0.0733 0.4104
MAU2 2019 159   -790.5631    342.1042   1592.1126    0.3722 0.0680 0.4233
MAU2 2019 160   -793.6814    343.5744   1594.2387    0.3701 0.0687 0.4124
MAU2 2019 161   -793.0454    344.5612   1597.6686    0.3660 0.0694 0.3985
MAU2 2019 162   -792.3753    342.9818   1595.8129    0.3596 0.0683 0.3934
MAU2 2019 163   -793.3170    343.7771   1596.6439    0.3704 0.0691 0.4110
MAU2 2019 164   -791.3527    343.1138   1595.4227    0.3698 0.0684 0.4075
MAU2 2019 165   -791.6035    342.2738   1595.2033    0.3686 0.0718 0.3985
MAU2 2019 166   -795.9793    341.3511   1604.8588    0.3820 0.0734 0.4119
MAU2 2019 167   -793.3946    341.4909   1610.3608    0.3864 0.0699 0.4295
MAU2 2019 168   -794.4120    342.9938   1598.7183    0.3763 0.0700 0.4119
MAU2 2019 169   -796.6469    342.4492   1598.6390    0.3810 0.0713 0.4082
MAU2 2019 170   -796.7984    343.6617   1601.0965    0.3703 0.0697 0.4007
MAU2 2019 171   -795.7100    344.5150   1602.6348    0.3673 0.0668 0.4060
MAU2 2019 172   -798.7049    343.3766   1600.2108    0.3987 0.0730 0.4397
MAU2 2019 173   -796.9166    344.4500   1603.5956    0.3826 0.0726 0.4178
MAU2 2019 174   -796.4209    344.8263   1601.3296    0.3882 0.0723 0.4287
MAU2 2019 175   -796.4049    344.9133   1603.3136    0.3713 0.0691 0.4167
MAU2 2019 176   -795.5488    346.3274   1605.9621    0.3657 0.0690 0.4073
MAU2 2019 177   -800.1924    346.5321   1604.6997    0.3917 0.0752 0.4311
MAU2 2019 178   -797.0577    344.0122   1604.9451    0.4250 0.0809 0.4685
MAU2 2019 179   -796.2546    348.4635   1607.0116    0.3752 0.0698 0.4187
MAU2 2019 180   -800.0310    347.1359   1607.1733    0.3866 0.0727 0.4265
MAU2 2019 181   -801.1188    344.1635   1606.8909    0.3726 0.0726 0.4064
MAU2 2019 182   -799.3553    345.5286   1610.3726    0.3573 0.0695 0.3920
MAU2 2019 183   -805.3970    344.5494   1610.1668    0.3920 0.0735 0.4380
MAU2 2019 184   -801.9845    346.8218   1612.6938    0.4591 0.0875 0.5096
MAU2 2019 185   -802.1229    346.0864   1611.9320    0.3923 0.0756 0.4312
MAU2 2019 186   -800.5468    346.0727   1614.4976    0.3724 0.0714 0.4113
MAU2 2019 187   -801.5160    346.6702   1614.0913    0.3378 0.0631 0.3802
MAU2 2019 188   -801.4681    347.6116   1622.1047    0.3583 0.0691 0.3985
MAU2 2019 189   -804.2340    348.3462   1621.8745    0.3542 0.0690 0.3919
MAU2 2019 190   -802.4205    347.2756   1621.9568    0.3441 0.0672 0.3840
MAU2 2019 191   -801.6311    346.8394   1626.3643    0.3481 0.0653 0.3939
MAU2 2019 192   -802.8774    346.4957   1620.9607    0.3506 0.0670 0.3934
MAU2 2019 193   -804.8937    347.2314   1624.5867    0.3495 0.0678 0.3853
MAU2 2019 194   -804.1877    348.5322   1628.1583    0.3631 0.0703 0.4004
MAU2 2019 195   -808.0886    346.7990   1622.1858    0.3636 0.0688 0.4076
MAU2 2019 196   -805.3628    348.0385   1626.4743    0.3488 0.0668 0.3857
MAU2 2019 197   -809.0841    347.6691   1626.1129    0.3504 0.0683 0.3836
MAU2 2019 198   -809.3956    347.0727   1628.9093    0.3813 0.0724 0.4229
MAU2 2019 199   -806.2820    348.3996   1623.6269    0.3394 0.0643 0.3793
MAU2 2019 200   -808.7618    349.4244   1623.8792    0.3566 0.0690 0.3996
MAU2 2019 201   -808.7923    346.7882   1627.5010    0.3948 0.0766 0.4323
MAU2 2019 202   -810.5651    346.6917   1627.0977    0.3844 0.0733 0.4241
MAU2 2019 203   -811.2632    347.1187   1629.8508    0.3515 0.0646 0.3940
MAU2 2019 204   -809.9184    346.9174   1630.9140    0.3413 0.0645 0.3801
MAU2 2019 205   -810.3140    347.3998   1632.4191    0.3371 0.0648 0.3749
MAU2 2019 206   -811.2360    347.8046   1633.0605    0.3325 0.0622 0.3684
MAU2 2019 207   -810.2182    346.9513   1633.1934    0.3412 0.0629 0.3843
MAU2 2019 208   -811.4619    348.4228   1634.4554    0.3394 0.0632 0.3774
MAU2 2019 209   -815.2023    345.5249   1635.7069    0.3657 0.0697 0.4001
MAU2 2019 210   -814.3699    347.2516   1631.5308    0.3767 0.0707 0.4143
MAU2 2019 211   -816.6432    350.1982   1630.2169    0.5249 0.0984 0.5864
MAU2 2019 212   -815.6843    348.0294   1635.5552    0.3797 0.0717 0.4205
MAU2 2019 213   -815.4592    345.7253   1633.6531    0.3645 0.0697 0.4025
MAU2 2019 214   -816.1143    347.8481   1636.1460    0.3555 0.0683 0.3939
MAU2 2019 215   -813.3720    348.2783   1636.1491    0.3420 0.0633 0.3810
MAU2 2019 216   -813.6725    349.2272   1637.8528    0.3389 0.0644 0.3763
MAU2 2019 217   -815.1461    349.4280   1643.5760    0.3423 0.0654 0.3778
MAU2 2019 218   -814.9279    349.1984   1637.5294    0.3599 0.0670 0.4003
MAU2 2019 219   -816.7369    349.3894   1638.4968    0.3407 0.0643 0.3793
MAU2 2019 220   -816.4771    348.7269   1641.8585    0.3409 0.0651 0.3771
MAU2 2019 221   -817.1358    349.0438   1644.2431    0.3442 0.0662 0.3846
MAU2 2019 222   -820.5956    350.7764   1645.4144    0.7353 0.1408 0.8216
MAU2 2019 223   -817.6684    348.3461   1641.5202    0.3618 0.0656 0.4066
MAU2 2019 224   -818.5613    349.0388   1639.3751    0.3511 0.0645 0.3919
MAU2 2019 225   -817.5188    349.5047   1644.7182    0.3212 0.0606 0.3559
MAU2 2019 226   -819.4536    350.4482   1648.9999    0.3239 0.0609 0.3587
MAU2 2019 227   -821.4073    349.5675   1650.4042    0.3974 0.0751 0.4444
MAU2 2019 228   -822.6222    348.8343   1652.6513    1.2867 0.2450 1.4354
MAU2 2019 229   -821.2556    349.9125   1651.2406    0.3391 0.0642 0.3791
MAU2 2019 230   -820.7025    352.1122   1652.8628    2.2003 0.4106 2.4649
MAU2 2019 231   -823.9421    352.3547   1655.2018    0.3306 0.0591 0.3736
MAU2 2019 232   -823.0026    352.5016   1655.5024    0.5489 0.1007 0.6188
MAU2 2019 233   -824.8854    351.7180   1656.8708    0.3591 0.0655 0.4025
MAU2 2019 234   -822.0193    352.5702   1656.9355    0.3332 0.0612 0.3735
MAU2 2019 235   -824.5556    352.3421   1660.7716    0.3490 0.0641 0.3949
MAU2 2019 236   -830.8971    356.6151   1660.3684    0.3728 0.0684 0.4173
MAU2 2019 237   -831.0109    354.3888   1661.8222    0.3601 0.0660 0.4096
MAU2 2019 238   -829.3752    353.1479   1665.6524    0.3797 0.0711 0.4318
MAU2 2019 239   -832.7647    355.4637   1656.9996    0.3670 0.0663 0.4142
MAU2 2019 240   -827.9469    350.7626   1663.7448    0.3749 0.0679 0.4231
MAU2 2019 241   -827.0949    352.4650   1658.3700    0.3846 0.0699 0.4313
MAU2 2019 242   -826.7837    352.8185   1666.3945    0.3599 0.0692 0.3994
MAU2 2019 243   -828.4150    353.5615   1665.9548    0.4027 0.0764 0.4499
MAU2 2019 244   -825.8038    354.2945   1664.6998    0.3629 0.0706 0.4045
MAU2 2019 245   -826.6368    353.0534   1664.8156    0.3365 0.0646 0.3826
MAU2 2019 246   -827.7718    354.7156   1666.8834    0.3346 0.0634 0.3803
MAU2 2019 247   -826.8967    355.2448   1669.2532    0.3618 0.0675 0.4080
MAU2 2019 248   -829.0098    354.5861   1672.3623    0.3478 0.0648 0.3924
MAU2 2019 249   -829.3705    357.0305   1673.1800    0.3407 0.0627 0.3839
MAU2 2019 250   -830.2118    355.4125   1670.3783    0.8284 0.1587 0.9208
MAU2 2019 251   -833.0174    357.0172   1668.8162    0.3461 0.0663 0.3869
MAU2 2019 252   -829.5759    357.2428   1671.4567    0.3491 0.0673 0.3881
MAU2 2019 253   -832.2901    356.4184   1673.2934    0.3429 0.0632 0.3825
MAU2 2019 254   -833.1295    356.9138   1672.2525    0.3448 0.0638 0.3858
MAU2 2019 255   -830.4113    357.5369   1672.3339    0.3471 0.0619 0.3877
MAU2 2019 256   -831.8588    359.1310   1672.8865    1.3737 0.2472 1.5433
MAU2 2019 257   -832.7391    357.4367   1674.4736    0.3412 0.0618 0.3820
MAU2 2019 258   -836.0693    355.0022   1671.0057    1.1519 0.2178 1.2663
MAU2 2019 259   -834.8191    354.3400   1672.4821    0.3411 0.0645 0.3778
MAU2 2019 260   -834.2878    355.9658   1675.5945    0.7953 0.1536 0.8757
MAU2 2019 261   -837.5464    354.7189   1674.1361    0.3556 0.0675 0.4015
MAU2 2019 262   -839.1836    355.2396   1673.7946    0.3566 0.0665 0.4034
MAU2 2019 263   -836.3246    355.9545   1674.1854    0.3526 0.0637 0.3967
MAU2 2019 264   -836.2632    356.2739   1679.1123    0.3495 0.0631 0.3938
MAU2 2019 265   -834.5962    356.5039   1679.4995    0.3376 0.0619 0.3812
MAU2 2019 266   -835.8074    356.3188   1682.7390    0.3432 0.0652 0.3801
MAU2 2019 267   -838.1865    356.9295   1679.6404    0.3521 0.0653 0.3875
MAU2 2019 268   -837.6557    357.5558   1682.0859    0.3494 0.0666 0.3849
MAU2 2019 269   -838.0888    357.1151   1682.6172    0.3675 0.0669 0.4111
MAU2 2019 270   -839.1903    358.3498   1683.9682    0.3485 0.0635 0.3894
MAU2 2019 271   -840.4436    357.9997   1685.9516    0.5265 0.0952 0.5869
MAU2 2019 272   -840.0701    359.2812   1687.4402    0.7530 0.1300 0.8412
MAU2 2019 273   -837.3332    359.1843   1679.8072    0.3589 0.0652 0.4021
MAU2 2019 274   -837.6395    358.5670   1686.9660    0.3556 0.0665 0.3913
MAU2 2019 275   -839.8696    357.5984   1685.6403    0.3418 0.0642 0.3717
MAU2 2019 276   -839.1391    357.7009   1689.9437    0.4664 0.0881 0.5130
MAU2 2019 277   -839.4537    359.6466   1691.4228    0.3298 0.0615 0.3716
MAU2 2019 278   -840.6252    359.1599   1686.0921    0.6263 0.1177 0.7074
MAU2 2019 279   -848.6004    360.1788   1688.0451    0.4337 0.0779 0.4825
MAU2 2019 280   -845.9882    362.4457   1687.1669    0.4827 0.0880 0.5385
MAU2 2019 281   -842.9330    361.6383   1690.6584    0.5436 0.1029 0.5993
MAU2 2019 282   -842.8520    362.4258   1693.8489    0.3567 0.0684 0.3876
MAU2 2019 283   -845.4773    361.4735   1696.7052    0.4928 0.0973 0.5383
MAU2 2019 284   -843.5902    360.2960   1694.1245    0.3760 0.0747 0.4054
MAU2 2019 285   -845.7657    361.8404   1692.4880    0.3776 0.0717 0.4125
MAU2 2019 286   -843.0997    358.1360   1692.8207    0.3685 0.0715 0.4032
MAU2 2019 287   -842.4702    358.9672   1692.4195    0.3725 0.0698 0.4060
MAU2 2019 288   -843.4883    361.9913   1691.8451    0.3661 0.0690 0.4006
MAU2 2019 289   -841.4345    361.2434   1697.5673    0.3551 0.0671 0.3863
MAU2 2019 290   -843.3451    361.2602   1696.8948    0.3517 0.0677 0.3798
MAU2 2019 291   -845.1946    361.6635   1700.3114    0.3484 0.0675 0.3793
MAU2 2019 292   -849.0420    363.3556   1702.5552    0.3732 0.0718 0.4018
MAU2 2019 293   -845.4832    361.1433   1699.4964    0.3755 0.0708 0.4119
MAU2 2019 294   -845.9183    361.9490   1699.5381    0.3611 0.0671 0.4038
MAU2 2019 295   -845.9427    360.8907   1700.9866    0.3563 0.0649 0.3917
MAU2 2019 296   -845.4487    362.3714   1701.0036    0.3533 0.0650 0.3866
MAU2 2019 297   -848.3112    361.7918   1703.2932    0.3666 0.0684 0.4004
MAU2 2019 298   -847.5103    362.7349   1703.4637    0.3795 0.0728 0.4118
MAU2 2019 299   -851.6894    361.5157   1701.5911    0.4144 0.0808 0.4505
MAU2 2019 300   -849.0570    359.3941   1706.0953    0.3992 0.0770 0.4273
MAU2 2019 301   -847.3143    361.5227   1701.9121    0.3892 0.0738 0.4264
MAU2 2019 302   -847.0556    358.6945   1707.5514    0.3860 0.0730 0.4209
MAU2 2019 303   -847.9930    364.6134   1705.1749    0.3735 0.0692 0.4093
MAU2 2019 304   -849.1645    364.2123   1713.9530    0.3613 0.0658 0.3998
MAU2 2019 305   -848.6526    364.1511   1710.9391    0.3814 0.0704 0.4203
MAU2 2019 306   -848.7759    365.0518   1707.4751    0.3531 0.0660 0.3817
MAU2 2019 307   -851.1470    366.2310   1706.9891    0.3724 0.0705 0.4060
MAU2 2019 308   -853.6090    366.7583   1711.7497    0.3987 0.0749 0.4309
MAU2 2019 309   -849.6429    365.0668   1709.7582    0.3698 0.0732 0.4184
MAU2 2019 310   -851.2505    366.5137   1709.6726    0.3647 0.0677 0.4004
MAU2 2019 311   -849.7155    366.2643   1711.6508    0.3631 0.0665 0.4034
MAU2 2019 312   -851.1708    366.7617   1717.3388    0.3624 0.0655 0.3965
MAU2 2019 313   -849.3860    366.1164   1715.6853    0.3563 0.0668 0.3940
MAU2 2019 314   -849.2373    366.8303   1717.2567    0.3542 0.0677 0.3846
MAU2 2019 315   -852.3916    367.2392   1715.4321    0.3770 0.0769 0.4196
MAU2 2019 316   -853.3119    365.8911   1719.6211    0.3890 0.0806 0.4301
MAU2 2019 317   -852.8008    366.3759   1712.5809    0.3865 0.0744 0.4323
MAU2 2019 318   -853.1794    365.2042   1722.4661    0.3706 0.0748 0.4142
MAU2 2019 319   -856.5568    368.2146   1713.6959    0.3979 0.0788 0.4505
MAU2 2019 320   -856.5932    367.5465   1728.2464    0.3973 0.0782 0.4465
MAU2 2019 321   -857.0894    367.2404   1716.5932    0.3722 0.0768 0.4161
MAU2 2019 322   -851.8461    367.3834   1722.8758    0.3520 0.0717 0.3912
MAU2 2019 323   -853.5236    367.2355   1722.6881    0.3555 0.0709 0.4037
MAU2 2019 324   -852.9400    366.9924   1722.9270    0.3737 0.0770 0.4168
MAU2 2019 325   -853.7736    367.8192   1726.1916    0.3679 0.0726 0.4153
MAU2 2019 326   -854.9313    367.4785   1728.5818    0.3859 0.0778 0.4327
MAU2 2019 327   -855.1233    368.4979   1731.6103    0.4003 0.0782 0.4491
MAU2 2019 328   -854.8795    367.5314   1734.7894    0.3926 0.0777 0.4352
MAU2 2019 329   -855.9742    363.9627   1731.0280    0.3854 0.0782 0.4255
MAU2 2019 330   -854.2348    366.4614   1729.6316    0.3524 0.0722 0.3897
MAU2 2019 331   -856.1472    367.3675   1728.5775    0.3540 0.0731 0.3922
MAU2 2019 332   -858.6113    368.6275   1736.2960    0.3482 0.0705 0.3859
MAU2 2019 333   -855.6726    366.5514   1731.6157    0.3638 0.0741 0.4178
MAU2 2019 334   -855.9242    367.0372   1732.2722    0.3558 0.0709 0.3991
MAU2 2019 335   -854.6231    369.0660   1732.7566    0.3702 0.0717 0.4121
MAU2 2019 336   -856.3929    367.5815   1734.6939    0.3524 0.0696 0.3918
MAU2 2019 337   -856.0392    368.3543   1732.4224    0.3586 0.0712 0.4033
MAU2 2019 338   -855.1265    368.2803   1735.5255    0.3577 0.0717 0.3966
MAU2 2019 339   -857.1366    368.3328   1737.0652    0.3563 0.0729 0.3925
MAU2 2019 340   -856.9245    369.1084   1741.0283    0.3624 0.0731 0.4001
MAU2 2019 341   -857.1794    368.7557   1740.7918    0.3618 0.0720 0.4107
MAU2 2019 342   -859.0115    369.6530   1741.7525    0.3674 0.0720 0.4106
MAU2 2019 343   -859.7094    369.6409   1739.0533    0.3668 0.0716 0.4035
MAU2 2019 344   -859.6854    370.0190   1743.1750    0.3733 0.0745 0.4083
MAU2 2019 345   -861.1873    371.3381   1738.8965    0.4032 0.0792 0.4485
MAU2 2019 346   -857.8995    370.6098   1738.7738    0.3584 0.0740 0.3940
MAU2 2019 347   -861.8086    371.3266   1742.9662    0.3533 0.0724 0.3850
MAU2 2019 348   -863.4120    370.7394   1735.3512    0.3748 0.0764 0.4099
MAU2 2019 349   -856.7947    372.2005   1737.3093    0.3785 0.0753 0.4278
MAU2 2019 350   -858.7720    371.2619   1740.4795    0.3492 0.0695 0.3905
MAU2 2019 351   -859.0028    372.3877   1744.0842    0.3386 0.0660 0.3738
MAU2 2019 352   -859.5973    372.5866   1743.0624    0.3768 0.0726 0.4111
MAU2 2019 353   -860.6877    370.1689   1744.1957    0.3894 0.0743 0.4328
MAU2 2019 354   -860.9349    370.1935   1744.3836    0.3897 0.0791 0.4219
MAU2 2019 355   -859.7552    372.5864   1748.2947    0.3683 0.0750 0.3977
MAU2 2019 356   -859.7919    373.8840   1750.5300    0.3552 0.0722 0.3855
MAU2 2019 357   -859.3211    373.3503   1751.6854    0.3602 0.0729 0.4028
MAU2 2019 358   -860.5956    371.8557   1743.2694    0.3922 0.0789 0.4327
MAU2 2019 359   -860.4338    373.8581   1746.6306    0.3642 0.0720 0.3961
MAU2 2019 360   -860.0531    371.8684   1752.1344    0.3646 0.0719 0.3926
MAU2 2019 361   -863.1909    374.0594   1745.5217    0.3787 0.0752 0.4147
MAU2 2019 362   -859.3734    373.2489   1754.4431    0.3950 0.0814 0.4211
MAU2 2019 363   -859.8697    374.8348   1753.3491    0.4039 0.0845 0.4259
MAU2 2019 364   -862.7712    376.3688   1751.1241    0.4046 0.0799 0.4417
MAU2 2019 365   -857.8998    372.8959   1757.6048    0.3983 0.0832 0.4518
MAU2 2020 001   -863.6651    374.6906   1756.9569    0.4760 0.0894 0.4933
MAU2 2020 002   -862.4063    378.8339   1751.7323    0.4216 0.0801 0.4520
MAU2 2020 003   -863.0041    374.9027   1757.2725    0.4116 0.0797 0.4390
MAU2 2020 004   -864.7654    373.6673   1756.6029    0.4158 0.0802 0.4482
MAU2 2020 005   -864.9270    375.3130   1757.0933    0.6037 0.1202 0.6506
MAU2 2020 006   -862.7869    374.0418   1755.0511    0.4180 0.0816 0.4442
MAU2 2020 007   -868.1061    375.9139   1755.0572    0.4155 0.0807 0.4374
MAU2 2020 008   -867.6994    374.2957   1757.3481    0.5517 0.1109 0.5952
MAU2 2020 009   -872.5330    377.5447   1757.1055    0.4845 0.0937 0.5329
MAU2 2020 010   -870.6279    373.7555   1765.4806    0.3947 0.0764 0.4270
MAU2 2020 011   -864.9029    375.5560   1761.5433    0.3769 0.0731 0.4013
MAU2 2020 012   -866.7262    375.5190   1769.7738    0.3989 0.0783 0.4311
MAU2 2020 013   -869.7753    375.5308   1760.7018    0.4093 0.0807 0.4417
MAU2 2020 014   -867.5184    376.2333   1764.7184    0.4222 0.0842 0.4471
MAU2 2020 015   -865.9700    374.7559   1764.9842    0.3990 0.0800 0.4171
MAU2 2020 016   -867.5464    376.0921   1767.6428    0.3801 0.0769 0.4164
MAU2 2020 017   -867.6156    376.6040   1770.4409    0.3696 0.0701 0.4079
MAU2 2020 018   -867.3906    377.2999   1769.1574    0.3789 0.0726 0.4090
MAU2 2020 019   -867.2651    375.4685   1770.5848    0.5835 0.1118 0.6223
MAU2 2020 020   -869.3586    375.4365   1770.6398    0.3875 0.0744 0.4188
MAU2 2020 021   -868.4002    375.0095   1775.6847    0.4361 0.0853 0.4696
MAU2 2020 022   -867.6253    376.9385   1771.4549    0.4160 0.0810 0.4410
MAU2 2020 023   -868.0040    376.1180   1774.8318    0.4091 0.0804 0.4317
MAU2 2020 024   -868.5747    378.4206   1776.0060    0.3809 0.0751 0.4135
MAU2 2020 025   -870.9591    376.9908   1773.6884    0.3796 0.0707 0.4152
MAU2 2020 026   -873.4345    375.8884   1769.3913    0.4083 0.0805 0.4359
MAU2 2020 027   -871.3553    374.8815   1774.4099    0.3808 0.0715 0.4092
MAU2 2020 028   -873.8086    377.4243   1776.0300    0.4139 0.0780 0.4518
MAU2 2020 029   -875.3958    375.5873   1769.9599    0.3980 0.0774 0.4337
MAU2 2020 030   -872.7897    376.2590   1778.4225    0.4217 0.0807 0.4552
MAU2 2020 031   -874.1288    376.2950   1777.2295    0.3948 0.0751 0.4198
MAU2 2020 032   -874.0270    375.8058   1779.8650    0.4113 0.0787 0.4498
MAU2 2020 033   -876.8425    378.9941   1783.1610    0.3887 0.0705 0.4290
MAU2 2020 034   -877.8447    378.3046   1778.8448    0.3969 0.0721 0.4275
MAU2 2020 035   -875.9494    377.7380   1782.2037    0.4072 0.0743 0.4331
MAU2 2020 036   -874.2907    378.4886   1782.0298    0.3844 0.0709 0.4159
MAU2 2020 037   -875.7325    379.1730   1790.3666    0.3957 0.0741 0.4242
MAU2 2020 038   -874.7071    378.4327   1785.2860    0.3744 0.0687 0.3976
MAU2 2020 039   -873.8748    378.7724   1786.0696    0.4258 0.0778 0.4488
MAU2 2020 040   -874.5426    379.7490   1791.7271    0.4489 0.0834 0.4916
MAU2 2020 041   -874.9701    379.7932   1789.9655    0.4359 0.0765 0.4801
MAU2 2020 042   -874.5460    383.0655   1788.5751    0.4031 0.0726 0.4339
MAU2 2020 043   -880.0032    380.0545   1792.4329    0.4100 0.0750 0.4415
MAU2 2020 044   -879.5120    380.9210   1791.8180    0.3980 0.0713 0.4348
MAU2 2020 045   -877.5943    381.7647   1792.1664    0.3792 0.0702 0.4127
MAU2 2020 046   -878.6935    382.2878   1789.8184    0.3884 0.0711 0.4188
MAU2 2020 047   -880.5801    384.5601   1791.7137    0.4020 0.0746 0.4311
MAU2 2020 048   -880.1155    384.9058   1793.7049    0.4053 0.0751 0.4507
MAU2 2020 049   -880.3169    382.9123   1793.2689    0.3785 0.0668 0.4221
MAU2 2020 050   -881.5959    383.2232   1793.0261    0.3969 0.0718 0.4284
MAU2 2020 051   -879.3657    383.2504   1794.4608    0.3741 0.0693 0.4020
MAU2 2020 052   -879.7210    383.9162   1793.5782    0.3765 0.0684 0.4104
MAU2 2020 053   -880.5508    383.6911   1796.7087    0.3734 0.0694 0.4053
MAU2 2020 054   -882.6898    383.5054   1800.6808    0.3839 0.0708 0.4111
MAU2 2020 055   -887.0035    384.6006   1799.7090    0.3878 0.0725 0.4128
MAU2 2020 056   -884.5775    384.4839   1802.3991    0.3702 0.0689 0.4106
MAU2 2020 057   -881.6866    385.8572   1803.9585    0.3750 0.0673 0.4174
MAU2 2020 058   -883.3569    384.1196   1801.7335    0.3788 0.0697 0.4096
MAU2 2020 059   -884.6851    384.2595   1802.9801    0.3765 0.0702 0.4084
MAU2 2020 060   -884.8750    383.2511   1804.1588    0.3863 0.0705 0.4244
MAU2 2020 061   -880.5688    384.4873   1806.4998    0.3855 0.0715 0.4208
MAU2 2020 062   -881.7855    384.6973   1805.9807    0.3803 0.0702 0.4106
MAU2 2020 063   -883.9625    384.4116   1803.2576    0.3724 0.0695 0.3992
MAU2 2020 064   -884.7228    383.8278   1806.8744    0.3782 0.0709 0.4219
MAU2 2020 065   -883.0741    384.9094   1808.5069    0.3844 0.0684 0.4278
MAU2 2020 066   -882.3273    383.7542   1807.0886    0.3926 0.0706 0.4251
MAU2 2020 067   -886.4051    383.9597   1801.3740    0.4123 0.0758 0.4462
MAU2 2020 068   -886.8533    383.4186   1806.4375    0.3777 0.0692 0.4152
MAU2 2020 069   -887.5234    385.0018   1811.5085    0.3659 0.0684 0.4032
MAU2 2020 070   -884.3073    384.9395   1808.7605    0.3801 0.0695 0.4158
MAU2 2020 071   -890.7720    384.5541   1810.0318    0.4001 0.0769 0.4338
MAU2 2020 072   -888.7894    387.3229   1820.8727    0.3947 0.0744 0.4491
MAU2 2020 073   -887.7476    380.9196   1822.8620    0.4194 0.0748 0.4740
MAU2 2020 074   -890.3675    387.8328   1818.3877    0.3689 0.0677 0.4069
MAU2 2020 075   -886.9946    385.1114   1818.6099    0.3654 0.0683 0.4047
MAU2 2020 076   -889.0815    385.5014   1815.1164    0.3767 0.0693 0.4231
MAU2 2020 077   -889.2962    385.9691   1820.9727    0.3805 0.0697 0.4265
MAU2 2020 078   -891.0756    383.7510   1820.4717    0.3656 0.0674 0.4103
MAU2 2020 079   -891.7896    385.0853   1822.4841    0.3802 0.0714 0.4181
MAU2 2020 080   -890.8234    385.4682   1827.7690    0.3635 0.0668 0.4111
MAU2 2020 081   -888.8770    385.5291   1822.1550    0.3719 0.0663 0.4198
MAU2 2020 082   -890.4609    386.6513   1825.0867    0.3819 0.0696 0.4288
MAU2 2020 083   -892.4692    388.7070   1831.3354    0.3845 0.0696 0.4286
MAU2 2020 084   -892.5335    384.9409   1825.6096    0.3990 0.0718 0.4473
MAU2 2020 085   -891.3700    385.0554   1829.0179    0.3674 0.0670 0.4126
MAU2 2020 086   -894.2264    386.1296   1826.9389    0.3640 0.0654 0.4085
MAU2 2020 087   -893.8887    386.5471   1830.0258    0.3659 0.0689 0.4062
MAU2 2020 088   -895.3503    386.6983   1832.6338    0.3586 0.0658 0.4102
MAU2 2020 089   -896.9594    390.5357   1833.9559    0.3612 0.0645 0.4115
MAU2 2020 090   -891.2198    387.4205   1826.0534    0.3578 0.0649 0.4030
MAU2 2020 091   -896.9569    389.3694   1830.9575    0.3652 0.0680 0.4106
MAU2 2020 092   -896.4956    388.9277   1834.2834    0.3498 0.0643 0.3952
MAU2 2020 093   -895.9569    387.8884   1830.7909    0.3602 0.0657 0.4022
MAU2 2020 094   -897.8581    389.0615   1834.0975    0.3581 0.0654 0.3964
MAU2 2020 095   -897.6690    388.5843   1835.8045    0.3671 0.0693 0.4031
MAU2 2020 096   -903.1628    390.0879   1839.1137    0.3612 0.0659 0.4025
MAU2 2020 097   -897.6164    388.4551   1835.2479    0.3447 0.0622 0.3847
MAU2 2020 098   -897.8545    387.5186   1836.3881    0.3489 0.0640 0.3880
MAU2 2020 099   -898.7611    388.7533   1838.7793    0.3542 0.0650 0.3912
MAU2 2020 100   -897.9125    389.6155   1840.2976    0.3503 0.0642 0.3870
MAU2 2020 101   -901.2152    389.3331   1832.1757    0.3754 0.0688 0.4112
MAU2 2020 102   -900.3823    389.2543   1839.2100    0.3744 0.0684 0.4079
MAU2 2020 103   -899.5551    391.0894   1844.1609    0.3715 0.0692 0.4026
MAU2 2020 104   -900.1400    389.1642   1844.3707    0.3510 0.0629 0.3912
MAU2 2020 105   -898.7434    388.1720   1842.5814    0.3393 0.0608 0.3815
MAU2 2020 106   -900.8937    388.6237   1840.8358    0.3568 0.0648 0.3971
MAU2 2020 107   -902.5134    388.8011   1845.2325    0.3734 0.0689 0.4122
MAU2 2020 108   -903.3391    389.5806   1846.9123    0.3905 0.0711 0.4334
MAU2 2020 109   -908.7489    390.9993   1843.1685    0.4106 0.0736 0.4563
MAU2 2020 110   -908.2688    389.4049   1841.7629    0.3797 0.0696 0.4170
MAU2 2020 111   -907.6804    389.2493   1846.4273    0.3673 0.0687 0.3971
MAU2 2020 112   -905.6354    389.4253   1845.1193    0.3502 0.0643 0.3860
MAU2 2020 113   -904.7716    389.3892   1848.5817    0.3575 0.0656 0.3963
MAU2 2020 114   -905.9412    390.8426   1849.5280    0.3852 0.0707 0.4247
MAU2 2020 115   -906.2278    391.5124   1849.6043    0.4101 0.0757 0.4487
MAU2 2020 116   -905.3294    390.9284   1848.4510    0.3933 0.0728 0.4326
MAU2 2020 117   -906.0656    390.1353   1847.7169    0.3889 0.0700 0.4311
MAU2 2020 118   -907.1697    390.7323   1854.7062    0.4021 0.0728 0.4412
MAU2 2020 119   -907.1021    391.6576   1851.8490    0.3722 0.0692 0.4066
MAU2 2020 120   -907.0724    390.2553   1852.3401    0.3573 0.0648 0.3976
MAU2 2020 121   -908.9053    389.8855   1857.3347    0.3678 0.0654 0.4092
MAU2 2020 122   -907.4300    390.2061   1855.5827    0.3600 0.0658 0.3949
MAU2 2020 123   -910.0983    392.1067   1862.2363    0.3866 0.0704 0.4221
MAU2 2020 124   -911.9031    390.9856   1856.3494    0.3945 0.0723 0.4347
MAU2 2020 125   -917.1718    390.0321   1853.7711    0.4061 0.0733 0.4493
MAU2 2020 126   -913.0518    390.1351   1856.7137    0.3726 0.0686 0.4066
MAU2 2020 127   -908.9362    391.6044   1858.3529    0.3523 0.0658 0.3832
MAU2 2020 128   -910.6062    391.9625   1858.6475    0.3457 0.0634 0.3793
MAU2 2020 129   -912.2567    392.6336   1860.4664    0.3642 0.0663 0.4062
MAU2 2020 130   -913.0825    393.3534   1863.8239    0.3971 0.0726 0.4363
MAU2 2020 131   -915.2743    391.2072   1860.9380    0.3932 0.0722 0.4303
MAU2 2020 132   -914.7400    393.5151   1863.3399    0.3648 0.0679 0.4025
MAU2 2020 133   -914.6404    393.3829   1862.1583    0.3603 0.0650 0.4003
MAU2 2020 134   -912.0462    393.7922   1862.4799    0.3680 0.0686 0.4023
MAU2 2020 135   -913.5484    393.3684   1864.8081    0.3724 0.0692 0.4117
MAU2 2020 136   -917.9991    393.2015   1863.1931    0.3858 0.0719 0.4244
MAU2 2020 137   -915.0658    392.8874   1864.4084    0.3726 0.0682 0.4120
MAU2 2020 138   -915.6465    394.0464   1863.1627    0.3523 0.0652 0.3851
MAU2 2020 139   -920.0839    395.5549   1862.7127    0.3595 0.0670 0.3883
MAU2 2020 140   -919.9742    395.0028   1866.4162    0.3564 0.0663 0.3897
MAU2 2020 141   -919.5447    394.7604   1866.7972    0.3559 0.0656 0.3892
MAU2 2020 142   -918.0435    393.5017   1864.6204    0.3455 0.0651 0.3710
MAU2 2020 143   -917.6099    394.5402   1867.5627    0.3355 0.0649 0.3595
MAU2 2020 144   -918.0714    394.8019   1866.2114    0.3616 0.0692 0.3944
MAU2 2020 145   -921.3198    395.2251   1871.7331    0.3954 0.0738 0.4315
MAU2 2020 146   -919.4064    394.3436   1870.6510    0.3530 0.0660 0.3825
MAU2 2020 147   -919.6493    395.1068   1870.2331    0.3560 0.0670 0.3841
MAU2 2020 148   -920.7428    395.4336   1875.7290    0.3711 0.0694 0.4046
MAU2 2020 149   -920.0319    395.5780   1872.7046    0.3877 0.0729 0.4213
MAU2 2020 150   -919.9874    396.6224   1871.9832    0.3831 0.0722 0.4126
MAU2 2020 151   -919.3956    395.4295   1875.5887    0.3823 0.0719 0.4114
MAU2 2020 152   -918.7852    395.0418   1875.4201    0.3978 0.0755 0.4309
MAU2 2020 153   -919.0288    395.4148   1875.1646    0.4035 0.0736 0.4359
MAU2 2020 154   -921.8733    394.7059   1874.5749    0.4177 0.0780 0.4490
MAU2 2020 155   -918.7132    396.1493   1875.2703    0.3789 0.0735 0.4019
MAU2 2020 156   -919.9483    395.8324   1878.2665    0.3953 0.0762 0.4197
MAU2 2020 157   -920.9357    395.1052   1875.5918    0.4042 0.0767 0.4348
MAU2 2020 158   -922.9706    396.3170   1879.3800    0.4188 0.0810 0.4507
MAU2 2020 159   -922.0068    396.2462   1881.3070    0.4274 0.0820 0.4589
MAU2 2020 160   -922.5576    395.0486   1874.1075    0.4365 0.0833 0.4659
MAU2 2020 161   -925.2158    394.5273   1877.4831    0.4293 0.0807 0.4661
MAU2 2020 162   -925.7836    395.5946   1875.8907    0.4360 0.0832 0.4704
MAU2 2020 163   -928.7788    396.3188   1884.4431    0.4399 0.0868 0.4689
MAU2 2020 164   -924.4867    394.9221   1871.9553    0.4203 0.0805 0.4509
MAU2 2020 165   -924.3397    395.7384   1880.4114    0.4041 0.0747 0.4379
MAU2 2020 166   -922.7077    397.6452   1886.4220    0.3934 0.0742 0.4272
MAU2 2020 167   -922.8173    398.1209   1888.1123    0.4004 0.0752 0.4331
MAU2 2020 168   -923.3095    396.7002   1886.3082    0.4178 0.0799 0.4496
MAU2 2020 169   -926.9510    397.8799   1891.2869    0.3819 0.0708 0.4180
MAU2 2020 170   -927.6969    397.8462   1885.4679    0.4004 0.0756 0.4346
MAU2 2020 171   -925.4829    397.8793   1883.6547    0.4282 0.0846 0.4587
MAU2 2020 172   -924.6828    396.8579   1890.6707    0.4059 0.0785 0.4370
MAU2 2020 173   -932.5318    398.5538   1883.6142    0.3929 0.0745 0.4263
MAU2 2020 174   -927.3543    396.0313   1888.8099    0.4165 0.0804 0.4545
MAU2 2020 175   -926.8821    395.3550   1883.8354    0.4033 0.0766 0.4383
MAU2 2020 176   -929.9290    396.3301   1883.5214    0.3996 0.0759 0.4343
MAU2 2020 177   -928.3693    397.9492   1888.1044    0.3892 0.0718 0.4299
MAU2 2020 178   -930.1592    399.6377   1888.5503    0.4086 0.0798 0.4434
MAU2 2020 179   -930.4901    399.0664   1887.1104    0.3918 0.0766 0.4225
MAU2 2020 180   -927.1991    400.4035   1889.9036    0.3990 0.0760 0.4328
MAU2 2020 181   -930.2043    400.5575   1887.7204    0.3934 0.0750 0.4301
MAU2 2020 182   -931.0002    398.5387   1885.7339    0.3913 0.0749 0.4294
MAU2 2020 183   -934.0716    399.4335   1884.8812    0.4062 0.0772 0.4413
MAU2 2020 184   -934.3270    398.7274   1890.0749    0.4128 0.0790 0.4480
MAU2 2020 185   -932.0565    398.8232   1890.4498    0.4066 0.0771 0.4495
MAU2 2020 186   -931.2673    398.7847   1890.3032    0.3880 0.0750 0.4237
MAU2 2020 187   -933.3991    399.2113   1891.9408    0.3808 0.0754 0.4113
MAU2 2020 188   -931.9878    399.5589   1891.4198    0.3633 0.0702 0.3944
MAU2 2020 189   -935.0553    399.8483   1893.8725    0.3781 0.0724 0.4136
MAU2 2020 190   -935.0572    399.7494   1887.1427    0.3937 0.0740 0.4324
MAU2 2020 191   -937.5759    399.5205   1893.5802    0.4231 0.0788 0.4625
MAU2 2020 192   -934.3592    399.1564   1891.8007    0.4445 0.0826 0.4848
MAU2 2020 193   -934.7156    399.7587   1890.7813    0.4072 0.0746 0.4480
MAU2 2020 194   -933.5552    400.1383   1887.6036    0.4233 0.0794 0.4596
MAU2 2020 195   -935.0040    399.2647   1890.1357    0.4196 0.0806 0.4495
MAU2 2020 196   -933.3358    399.2652   1896.6490    0.4070 0.0775 0.4448
MAU2 2020 197   -936.7620    399.4361   1901.3268    0.3761 0.0716 0.4138
MAU2 2020 198   -937.1219    399.6296   1903.3160    0.3727 0.0684 0.4108
MAU2 2020 199   -934.8853    399.5078   1903.9231    0.3792 0.0699 0.4102
MAU2 2020 200   -935.6771    398.5861   1897.3945    0.4174 0.0780 0.4539
MAU2 2020 201   -937.3165    399.9235   1894.3160    0.3967 0.0747 0.4456
MAU2 2020 202   -937.6130    400.8229   1897.3480    0.3854 0.0744 0.4277
MAU2 2020 203   -937.8395    399.5967   1897.7619    0.3855 0.0738 0.4161
MAU2 2020 204   -938.0341    399.6893   1899.6130    0.3993 0.0753 0.4349
MAU2 2020 205   -939.0429    400.6886   1899.2180    0.3777 0.0710 0.4158
MAU2 2020 206   -938.0720    400.6150   1903.9101    0.3808 0.0703 0.4213
MAU2 2020 207   -941.8392    400.1140   1900.7799    0.3989 0.0749 0.4384
MAU2 2020 208   -940.0151    402.2764   1893.6295    0.4106 0.0765 0.4548
MAU2 2020 209   -938.6359    401.7099   1900.9157    0.3819 0.0698 0.4287
MAU2 2020 210   -937.9609    402.8615   1905.3178    0.3808 0.0721 0.4231
MAU2 2020 211   -939.1379    403.9290   1906.6441    0.3738 0.0719 0.4074
MAU2 2020 212   -937.6016    404.4215   1910.2744    0.3792 0.0708 0.4162
MAU2 2020 213   -941.9113    404.7698   1907.9774    0.3777 0.0713 0.4188
MAU2 2020 214   -940.8151    403.2735   1907.9764    0.3909 0.0706 0.4349
MAU2 2020 215   -939.9959    403.6346   1911.4314    0.3976 0.0743 0.4371
MAU2 2020 216   -941.0593    402.6488   1910.7752    0.4021 0.0751 0.4457
MAU2 2020 217   -940.7752    401.8656   1910.3651    0.3966 0.0722 0.4471
MAU2 2020 218   -940.7168    402.9339   1906.8581    0.4355 0.0824 0.4843
MAU2 2020 219   -940.5941    403.0973   1910.1769    0.3902 0.0739 0.4318
MAU2 2020 220   -939.8292    404.1673   1912.0021    0.3722 0.0689 0.4135
MAU2 2020 221   -942.2418    403.5880   1911.7690    0.3892 0.0706 0.4376
MAU2 2020 222   -941.6958    400.9351   1915.0616    0.4058 0.0732 0.4548
MAU2 2020 223   -943.7867    402.6060   1910.5239    0.3745 0.0692 0.4151
MAU2 2020 224   -942.8221    403.1167   1914.8886    0.3726 0.0697 0.4202
MAU2 2020 225   -942.9332    403.3689   1916.4451    0.3617 0.0650 0.4112
MAU2 2020 226   -942.8296    403.1695   1917.2211    0.3866 0.0718 0.4334
MAU2 2020 227   -944.7192    403.1435   1917.1933    0.3902 0.0736 0.4326
MAU2 2020 228   -944.7139    403.2778   1918.6954    0.3863 0.0735 0.4294
MAU2 2020 229   -945.5450    403.2277   1919.1903    0.3895 0.0731 0.4382
MAU2 2020 230   -947.0198    404.2843   1919.9466    0.4001 0.0733 0.4481
MAU2 2020 231   -947.8509    402.6035   1919.4100    0.4129 0.0788 0.4563
MAU2 2020 232   -944.2773    405.2231   1916.7250    0.3900 0.0729 0.4378
MAU2 2020 233   -944.6932    406.3038   1920.3209    0.3784 0.0707 0.4280
MAU2 2020 234   -944.0731    406.3638   1921.2714    0.3733 0.0715 0.4167
MAU2 2020 235   -944.8153    406.5441   1922.1613    0.3676 0.0684 0.4102
MAU2 2020 236   -944.9368    405.9417   1923.5957    0.3771 0.0702 0.4218
MAU2 2020 237   -945.1264    404.9439   1926.3377    0.3880 0.0711 0.4359
MAU2 2020 238   -947.5174    404.2710   1926.4288    0.3941 0.0710 0.4390
MAU2 2020 239   -947.2003    404.4859   1923.4541    0.3698 0.0686 0.4114
MAU2 2020 240   -949.7466    405.7994   1924.6962    0.3730 0.0686 0.4177
MAU2 2020 241   -948.4395    404.3397   1922.8295    0.3633 0.0656 0.4084
MAU2 2020 242   -948.4153    405.2182   1922.5462    0.3807 0.0686 0.4239
MAU2 2020 243   -946.4731    405.7358   1920.8831    0.3571 0.0640 0.3967
MAU2 2020 244   -945.6650    405.7734   1925.9956    0.3500 0.0660 0.3888
MAU2 2020 245   -946.5614    405.8341   1923.2230    0.3441 0.0629 0.3827
MAU2 2020 246   -947.4662    406.3619   1926.0331    0.3513 0.0639 0.3879
MAU2 2020 247   -950.7436    405.3593   1925.2186    0.3699 0.0679 0.4140
MAU2 2020 248   -950.6946    406.4441   1927.8273    0.3607 0.0660 0.4037
MAU2 2020 249   -950.9967    405.3214   1925.4152    0.3615 0.0645 0.4077
MAU2 2020 250   -950.7729    406.8523   1928.0281    0.3632 0.0653 0.4092
MAU2 2020 251   -950.7605    407.3665   1927.9399    0.3644 0.0666 0.4056
MAU2 2020 252   -951.7441    409.5790   1936.1615    0.3774 0.0690 0.4203
MAU2 2020 253   -953.5813    407.1049   1930.9360    0.3965 0.0721 0.4399
MAU2 2020 254   -954.3922    406.3059   1927.0115    0.4329 0.0750 0.4813
MAU2 2020 255   -955.9907    405.8761   1934.0140    0.3886 0.0701 0.4351
MAU2 2020 256   -955.6457    406.3577   1932.5741    0.4143 0.0751 0.4443
MAU2 2020 257   -955.8358    407.2701   1928.7074    0.3950 0.0697 0.4428
MAU2 2020 258   -952.2671    407.2414   1931.8805    0.3734 0.0672 0.4170
MAU2 2020 259   -954.4464    407.6523   1932.6272    0.3806 0.0704 0.4230
MAU2 2020 260   -954.0631    408.9653   1935.9009    0.3809 0.0707 0.4205
MAU2 2020 261   -962.5760    407.0112   1924.0845    0.4098 0.0758 0.4519
MAU2 2020 262   -958.4602    406.8205   1929.2264    0.4056 0.0721 0.4500
MAU2 2020 263   -954.5415    407.1771   1934.6197    0.3635 0.0668 0.4077
MAU2 2020 264   -954.0860    407.7326   1938.0161    0.3655 0.0688 0.4092
MAU2 2020 265   -955.9804    409.1861   1936.3727    0.3745 0.0680 0.4192
MAU2 2020 266   -956.3308    409.3241   1937.8185    0.3683 0.0677 0.4115
MAU2 2020 267   -955.4736    407.9632   1940.2217    0.3733 0.0691 0.4149
MAU2 2020 268   -954.1093    408.6911   1942.6727    0.3689 0.0694 0.4077
MAU2 2020 269   -956.4662    408.8854   1945.7923    0.3854 0.0720 0.4243
MAU2 2020 270   -956.0228    407.2773   1944.8458    0.3805 0.0677 0.4190
MAU2 2020 271   -955.7202    408.2841   1945.0134    0.3763 0.0692 0.4147
MAU2 2020 272   -957.0729    409.1627   1948.1241    0.3818 0.0712 0.4197
MAU2 2020 273   -959.8297    408.6613   1946.5704    0.3963 0.0729 0.4385
MAU2 2020 274   -957.0537    409.2691   1943.3101    0.3964 0.0734 0.4368
MAU2 2020 275   -955.9206    407.9923   1948.8124    0.3735 0.0701 0.4077
MAU2 2020 276   -955.5177    408.8491   1951.2679    0.3685 0.0710 0.3968
MAU2 2020 277   -955.4911    409.1496   1950.7585    0.3795 0.0711 0.4139
MAU2 2020 278   -957.3078    409.4550   1944.5020    0.3844 0.0700 0.4155
MAU2 2020 279   -959.4060    409.4422   1952.5483    0.3662 0.0677 0.4052
MAU2 2020 280   -962.2199    410.4316   1950.4706    0.3957 0.0733 0.4376
MAU2 2020 281   -961.5961    411.4306   1946.8969    0.3869 0.0700 0.4242
MAU2 2020 282   -963.0691    412.2585   1949.3711    0.4034 0.0739 0.4419
MAU2 2020 283   -958.7354    410.7104   1952.6821    0.4003 0.0712 0.4411
MAU2 2020 284   -961.5749    411.2087   1951.1830    0.4058 0.0747 0.4450
MAU2 2020 285   -959.1331    411.5520   1953.2328    0.3839 0.0694 0.4231
MAU2 2020 286   -961.0357    411.9244   1956.5542    0.3650 0.0659 0.3948
MAU2 2020 287   -961.3123    412.1475   1956.8966    0.3772 0.0688 0.4155
MAU2 2020 288   -962.5022    411.7890   1957.2333    0.3913 0.0712 0.4303
MAU2 2020 289   -962.1589    412.9800   1957.2558    0.3836 0.0714 0.4237
MAU2 2020 290   -963.4089    414.2694   1957.2218    0.3816 0.0688 0.4158
MAU2 2020 291   -962.8392    413.3695   1956.5491    0.3740 0.0675 0.4139
MAU2 2020 292   -964.1853    410.3950   1955.7714    0.4141 0.0757 0.4554
MAU2 2020 293   -962.2728    409.3609   1956.6501    0.3859 0.0700 0.4272
MAU2 2020 294   -962.6204    412.0183   1954.4474    0.3907 0.0680 0.4280
MAU2 2020 295   -963.7732    413.2732   1957.7351    0.3844 0.0690 0.4248
MAU2 2020 296   -964.0911    411.4519   1960.5740    0.3772 0.0676 0.4159
MAU2 2020 297   -964.8225    413.9504   1960.4617    0.3891 0.0707 0.4314
MAU2 2020 298   -968.1855    414.3385   1965.5044    0.3961 0.0703 0.4320
MAU2 2020 299   -966.2581    413.0601   1963.3420    0.3809 0.0678 0.4230
MAU2 2020 300   -966.9435    413.1705   1965.4241    0.3747 0.0701 0.4137
MAU2 2020 301   -969.9315    412.1728   1958.2446    0.3859 0.0734 0.4309
MAU2 2020 302   -967.4205    413.0518   1960.3520    0.3794 0.0698 0.4127
MAU2 2020 303   -967.2334    412.3135   1962.8089    0.3679 0.0681 0.4078
MAU2 2020 304   -967.2097    413.1576   1967.7240    0.3740 0.0697 0.4101
MAU2 2020 305   -966.5664    414.3948   1966.1791    0.3673 0.0688 0.4051
MAU2 2020 306   -968.3434    414.9619   1966.2882    0.3844 0.0713 0.4199
MAU2 2020 307   -968.1376    414.1325   1968.6504    0.3922 0.0737 0.4299
MAU2 2020 308   -967.0263    413.4771   1970.4923    0.3975 0.0741 0.4438
MAU2 2020 309   -967.5499    413.5822   1968.5334    0.4164 0.0758 0.4612
MAU2 2020 310   -968.2385    414.6440   1967.1722    0.3871 0.0702 0.4219
MAU2 2020 311   -967.8080    413.7768   1969.4242    0.3864 0.0708 0.4281
MAU2 2020 312   -967.3136    412.9249   1973.3682    0.3982 0.0737 0.4416
MAU2 2020 313   -968.4015    414.5574   1978.4906    0.4096 0.0748 0.4503
MAU2 2020 314   -969.8144    415.0327   1971.0699    0.3922 0.0718 0.4281
MAU2 2020 315   -969.1605    415.1130   1977.9034    0.3948 0.0731 0.4351
MAU2 2020 316   -968.4322    414.8631   1978.1592    0.3979 0.0734 0.4366
MAU2 2020 317   -968.9407    414.5720   1978.3148    0.3901 0.0734 0.4298
MAU2 2020 318   -970.4673    414.6636   1975.5359    0.4374 0.0792 0.4728
MAU2 2020 319   -969.0949    416.9964   1976.3420    0.3886 0.0729 0.4295
MAU2 2020 320   -968.5163    417.6931   1979.8159    0.3811 0.0731 0.4215
MAU2 2020 321   -969.2679    416.5685   1979.7697    0.3788 0.0721 0.4183
MAU2 2020 322   -967.4918    417.7793   1980.3968    0.3987 0.0761 0.4368
MAU2 2020 323   -967.8462    417.4501   1979.2418    0.3992 0.0780 0.4391
MAU2 2020 324   -972.2829    417.2352   1981.6017    0.4140 0.0774 0.4593
MAU2 2020 325   -968.8660    418.4363   1980.4301    0.4241 0.0800 0.4690
MAU2 2020 326   -970.0593    417.7479   1980.4090    0.4032 0.0755 0.4363
MAU2 2020 327   -971.1623    416.8110   1985.6055    0.4025 0.0763 0.4415
MAU2 2020 328   -972.0635    418.6414   1991.0714    0.4083 0.0752 0.4560
MAU2 2020 329   -973.0435    417.9551   1986.6420    0.4077 0.0750 0.4489
MAU2 2020 330   -973.2547    417.1020   1986.1955    0.4254 0.0782 0.4564
MAU2 2020 331   -972.4028    417.4326   1983.6728    0.3966 0.0745 0.4285
MAU2 2020 332   -974.0778    419.3084   1985.4637    0.4161 0.0794 0.4464
MAU2 2020 333   -971.9236    418.7538   1989.9144    0.4176 0.0813 0.4523
MAU2 2020 334   -974.4407    417.7206   1989.1120    0.4287 0.0817 0.4603
MAU2 2020 335   -972.5650    420.5317   1993.4285    0.4065 0.0755 0.4428
MAU2 2020 336   -972.1609    419.5908   1988.6776    0.4095 0.0746 0.4506
MAU2 2020 337   -975.9203    417.9073   1987.3071    0.4043 0.0740 0.4366
MAU2 2020 338   -975.7626    419.1758   1993.1964    0.3871 0.0694 0.4137
MAU2 2020 339   -973.8659    420.3219   1993.3758    0.3788 0.0706 0.4102
MAU2 2020 340   -975.1002    420.8280   1994.7688    0.3983 0.0743 0.4302
MAU2 2020 341   -974.9100    422.2529   1999.0557    0.3976 0.0746 0.4312
MAU2 2020 342   -975.3650    419.4866   2001.5698    0.4107 0.0751 0.4413
MAU2 2020 343   -979.4496    422.1907   2000.2346    0.4262 0.0803 0.4633
MAU2 2020 344   -975.1265    421.4654   1999.4760    0.3994 0.0729 0.4406
MAU2 2020 345   -979.4595    422.6000   1997.9842    0.4129 0.0750 0.4488
MAU2 2020 346   -980.9178    420.9737   2004.3620    0.4070 0.0772 0.4371
MAU2 2020 347   -986.2814    422.7174   1993.8448    0.4031 0.0770 0.4352
MAU2 2020 348   -978.6823    419.8148   1995.0317    0.4011 0.0764 0.4336
MAU2 2020 349   -983.6988    424.1034   1999.9591    0.4095 0.0788 0.4416
MAU2 2020 350   -976.0484    421.3485   2003.7610    0.3953 0.0758 0.4242
MAU2 2020 351   -980.8954    422.9318   2002.1889    0.4247 0.0824 0.4608
MAU2 2020 352   -978.3677    424.6310   2010.8131    0.3906 0.0723 0.4316
MAU2 2020 353   -983.4992    425.0066   2009.2263    0.4048 0.0740 0.4407
MAU2 2020 354   -982.5102    421.3985   2004.0670    0.4008 0.0756 0.4296
MAU2 2020 355   -979.9703    421.5066   2007.9554    0.3884 0.0747 0.4214
MAU2 2020 356   -981.5663    423.6189   2008.1134    0.3919 0.0744 0.4242
MAU2 2020 357   -980.6665    422.2679   2011.5136    0.3806 0.0722 0.4093
MAU2 2020 358   -978.8868    423.4987   2009.2570    0.3920 0.0740 0.4255
MAU2 2020 359   -979.1584    422.7605   2011.1399    0.3938 0.0753 0.4311
MAU2 2020 360   -979.2579    423.4592   2012.9533    0.3927 0.0714 0.4391
MAU2 2020 361   -978.6129    424.1606   2007.4810    0.4035 0.0729 0.4362
MAU2 2020 362   -981.1058    422.7958   2015.8898    0.4115 0.0778 0.4387
MAU2 2020 363   -980.9528    423.0189   2009.0461    0.6934 0.1338 0.7518
MAU2 2020 364   -982.4510    422.8852   2017.3552    0.4494 0.0855 0.4815
MAU2 2020 365   -983.1900    420.9822   2016.0372    0.3862 0.0742 0.4159
MAU2 2020 366   -979.8313    424.0590   2016.1024    0.3835 0.0741 0.4130
MAU2 2021 001   -979.5579    424.8155   2016.4787    0.4119 0.0793 0.4479
MAU2 2021 002   -981.2947    425.9133   2023.6392    0.4162 0.0750 0.4634
MAU2 2021 003   -980.8271    424.5543   2013.9617    0.4228 0.0770 0.4636
MAU2 2021 004   -978.5820    426.1031   2019.5958    0.4179 0.0781 0.4517
MAU2 2021 005   -978.4376    425.1609   2020.6789    0.4419 0.0822 0.4828
MAU2 2021 006   -983.7292    422.1294   2013.9352    0.4228 0.0785 0.4597
MAU2 2021 007   -985.0373    423.4152   2018.7111    0.4202 0.0797 0.4554
MAU2 2021 008   -985.1024    425.6518   2017.3637    0.4009 0.0766 0.4314
MAU2 2021 009   -983.6457    426.9291   2023.1860    0.3937 0.0738 0.4268
MAU2 2021 010   -985.0785    425.4372   2013.3603    0.4068 0.0730 0.4522
MAU2 2021 011   -986.3561    429.5060   2019.5424    0.4098 0.0746 0.4477
MAU2 2021 012   -978.2654    428.1487   2019.9932    0.3851 0.0719 0.4143
MAU2 2021 013   -977.8824    429.2421   2020.1089    0.3827 0.0710 0.4154
MAU2 2021 014   -977.6816    430.7135   2019.1644    0.4047 0.0746 0.4376
MAU2 2021 015   -978.0983    428.5758   2021.8089    0.4239 0.0793 0.4566
MAU2 2021 016   -978.0060    430.1072   2024.3711    0.3914 0.0741 0.4209
MAU2 2021 021   -973.7413    433.0812   2018.7622    0.4169 0.0753 0.4550
MAU2 2021 022   -973.6200    433.9957   2020.0970    0.4069 0.0745 0.4364
MAU2 2021 023   -973.8075    436.4897   2034.6160    0.4176 0.0768 0.4507
MAU2 2021 024   -973.4473    434.8919   2029.9979    0.4350 0.0807 0.4674
MAU2 2021 025   -973.3619    435.3006   2021.9276    0.4150 0.0762 0.4529
MAU2 2021 026   -978.5701    435.6526   2022.1661    0.3931 0.0695 0.4372
MAU2 2021 027   -980.1248    436.0521   2030.4812    0.3910 0.0708 0.4310
MAU2 2021 028   -984.7221    438.3781   2030.3581    0.4036 0.0667 0.4418
MAU2 2021 029   -983.3408    437.4084   2032.7367    0.4735 0.0880 0.5169
MAU2 2021 030   -980.5845    434.8913   2028.9745    0.4613 0.0847 0.4943
MAU2 2021 031   -981.3133    435.7162   2029.9225    0.4113 0.0769 0.4406
MAU2 2021 032   -975.8871    436.7821   2032.4982    1.3479 0.2458 1.4617
MAU2 2021 033   -977.5406    435.7929   2030.0143    0.4273 0.0720 0.4780
MAU2 2021 034   -977.3478    436.0916   2036.1472    1.3295 0.2405 1.4826
MAU2 2021 035   -977.4712    436.2205   2026.9180    0.8415 0.1470 0.9257
MAU2 2021 036   -976.9868    436.9905   2033.5988    1.4859 0.2746 1.6261
MAU2 2021 037   -975.7227    436.0282   2026.6200    0.9827 0.1852 1.0799
MAU2 2021 038   -976.3212    436.6200   2039.9164    1.2005 0.2216 1.2923
MAU2 2021 039   -981.2890    438.8752   2033.8200    1.3762 0.2608 1.4857
MAU2 2021 040   -976.3582    438.4606   2038.2781    1.6363 0.3074 1.7739
MAU2 2021 041   -978.3181    437.9859   2033.9765    1.0517 0.1993 1.1707
MAU2 2021 042   -976.0201    438.7785   2036.7944    1.0495 0.1935 1.1808
MAU2 2021 043   -978.6335    438.8121   2041.6068    0.4564 0.0849 0.5060
MAU2 2021 044   -980.3720    438.8686   2036.0523    1.4872 0.2759 1.6227
MAU2 2021 045   -977.7379    439.0687   2033.5191    3.4053 0.6384 3.7513
MAU2 2021 046   -979.8600    438.9473   2037.4004    1.6446 0.3067 1.7988
MAU2 2021 047   -978.9587    437.8847   2044.4427    0.4196 0.0793 0.4593
MAU2 2021 055   -975.9475    437.4907   2043.2785    1.3779 0.2585 1.4901
MAU2 2021 056   -973.2339    437.9253   2041.7168    0.6827 0.1281 0.7320
MAU2 2021 057   -974.6775    439.5247   2041.4390    0.8256 0.1483 0.9162
MAU2 2021 058   -973.6062    440.5913   2041.4243    0.4043 0.0686 0.4522
MAU2 2021 059   -975.5553    439.6781   2045.9967    1.6066 0.2917 1.7847
MAU2 2021 060   -972.6904    438.1073   2037.9882    0.4420 0.0814 0.4875
MAU2 2021 061   -972.0279    440.4459   2044.9936    1.3995 0.2332 1.5854
MAU2 2021 062   -974.1683    439.4422   2044.1153    1.0575 0.1915 1.1719
MAU2 2021 063   -973.0964    439.4890   2036.4291    1.4384 0.2586 1.5845
MAU2 2021 064   -972.3895    439.7535   2046.6273    1.3020 0.2387 1.4126
MAU2 2021 065   -971.8513    442.0867   2044.4443    1.9504 0.3399 2.1994
MAU2 2021 066   -975.6894    442.7880   2040.1772    0.4424 0.0742 0.5011
MAU2 2021 067   -974.5540    440.1131   2044.2917    1.3739 0.2450 1.5317
MAU2 2021 068   -973.8978    441.4863   2047.0523    1.8742 0.3016 2.1144
MAU2 2021 069   -973.1138    442.6867   2047.3198    0.4603 0.0828 0.5151
MAU2 2021 070   -975.6551    441.9151   2042.3707    0.4150 0.0751 0.4605
MAU2 2021 071   -972.9188    441.5250   2046.0096    1.7321 0.3192 1.9151
MAU2 2021 072   -975.3063    442.1238   2043.4986    0.8618 0.1632 0.9490
MAU2 2021 073   -970.5993    443.4762   2044.7617    0.7629 0.1360 0.8611
MAU2 2021 074   -974.0098    444.7250   2048.9193    1.8469 0.3064 2.0897
MAU2 2021 075   -975.8358    442.4405   2045.7913    0.8801 0.1577 0.9861
MAU2 2021 076   -977.1589    442.9210   2048.0548    0.4136 0.0681 0.4684
MAU2 2021 077   -976.4923    440.7894   2052.7986    0.4031 0.0741 0.4556
MAU2 2021 078   -979.8448    444.5245   2050.1734    0.4155 0.0777 0.4672
MAU2 2021 079   -978.1122    443.8011   2049.6978    0.3938 0.0710 0.4348
MAU2 2021 080   -978.4607    447.2893   2053.8977    0.4095 0.0789 0.4536
MAU2 2021 081   -976.1790    443.0000   2051.7571    0.3803 0.0682 0.4295
MAU2 2021 082   -979.4796    445.9025   2056.9698    0.3677 0.0653 0.4165
MAU2 2021 083   -979.0048    444.9923   2060.5133    0.3915 0.0706 0.4342
MAU2 2021 084   -981.4506    444.1794   2058.1056    1.5678 0.2588 1.7608
MAU2 2021 085   -979.3096    443.8045   2056.5239    1.1456 0.2133 1.2814
MAU2 2021 086   -979.4945    443.5383   2057.4138    1.8126 0.3389 2.0183
MAU2 2021 087   -980.7514    445.9458   2062.4049    1.4226 0.2629 1.5388
MAU2 2021 088   -980.8165    446.0615   2065.5113    1.1027 0.2088 1.2095
MAU2 2021 089   -981.1493    446.8025   2063.7046    0.6063 0.1053 0.6799
MAU2 2021 090   -982.5694    445.2019   2063.2644    0.3885 0.0672 0.4366
MAU2 2021 091   -982.1057    447.3145   2071.0343    0.4217 0.0754 0.4745
MAU2 2021 092   -982.4742    445.5470   2071.2396    1.3349 0.2193 1.4998
MAU2 2021 093   -984.6236    445.0997   2069.1627    1.1140 0.1982 1.2416
MAU2 2021 094   -986.7214    447.4447   2068.9885    0.3761 0.0671 0.4182
MAU2 2021 095   -983.1520    449.0453   2070.9945    0.7404 0.1398 0.8089
MAU2 2021 096   -984.0558    451.7148   2076.6879    0.4203 0.0798 0.4609
MAU2 2021 097   -985.7477    447.5554   2076.3679    0.4147 0.0745 0.4648
MAU2 2021 098   -989.0750    447.1501   2067.8361    0.4282 0.0753 0.4795
MAU2 2021 099   -985.7525    446.4702   2075.2349    0.3983 0.0719 0.4392
MAU2 2021 100   -986.9881    446.4377   2076.9729    0.3953 0.0655 0.4422
MAU2 2021 101   -985.3108    446.8763   2074.5559    1.7786 0.3255 1.9747
MAU2 2021 102   -986.5232    448.0946   2074.1154    1.7701 0.3168 1.9500
MAU2 2021 103   -985.6503    450.2979   2076.5510    0.3826 0.0738 0.4136
MAU2 2021 104   -986.9729    449.2046   2080.0738    0.3932 0.0760 0.4290
MAU2 2021 105   -988.3526    448.8936   2077.6489    0.3943 0.0689 0.4405
MAU2 2021 106   -988.2328    449.2697   2078.3148    0.3929 0.0685 0.4379
MAU2 2021 107   -988.0303    450.8321   2082.6583    0.3896 0.0704 0.4302
MAU2 2021 108   -987.8665    449.1616   2078.0559    1.7827 0.3287 1.9738
MAU2 2021 109   -989.2004    451.1547   2082.6590    0.4090 0.0735 0.4564
MAU2 2021 110   -990.7252    451.9358   2082.5491    0.4023 0.0736 0.4466
MAU2 2021 111   -996.0165    449.7711   2085.7493    0.4064 0.0795 0.4421
MAU2 2021 112   -994.7627    449.9941   2083.8701    0.4389 0.0840 0.4862
MAU2 2021 113   -992.4476    450.2921   2089.8032    0.3920 0.0690 0.4401
MAU2 2021 114   -991.1302    450.9795   2089.6393    0.3900 0.0615 0.4390
MAU2 2021 115   -992.0920    450.5450   2089.3283    0.3896 0.0628 0.4344
MAU2 2021 116   -991.1228    450.8850   2089.3753    0.3740 0.0678 0.4107
MAU2 2021 117   -992.5128    451.3899   2086.6284    0.3710 0.0674 0.4093
MAU2 2021 118   -994.8331    450.3730   2087.7494    0.3746 0.0689 0.4152
MAU2 2021 119   -994.8114    451.6244   2090.1858    0.3798 0.0732 0.4123
MAU2 2021 120   -995.9871    451.7930   2094.4286    0.3774 0.0719 0.4171
MAU2 2021 121  -1000.4409    452.8923   2096.4929    0.3960 0.0714 0.4462
MAU2 2021 122   -998.9075    448.6520   2095.7159    0.3844 0.0695 0.4307
MAU2 2021 123  -1000.0833    449.5757   2091.4099    0.3744 0.0676 0.4125
MAU2 2021 124   -997.4490    450.6797   2084.3151    0.3622 0.0666 0.3974
MAU2 2021 125   -997.2861    450.6190   2092.0040    0.3599 0.0652 0.3994
MAU2 2021 126   -998.5174    450.4594   2094.1920    0.3640 0.0678 0.4035
MAU2 2021 127  -1002.2132    451.0791   2096.2738    0.3783 0.0747 0.4072
MAU2 2021 128   -999.9454    450.7309   2094.0513    0.3783 0.0725 0.4126
MAU2 2021 129   -999.5294    451.3995   2097.6963    0.3603 0.0659 0.3987
MAU2 2021 130  -1001.3701    451.3117   2096.5940    0.3492 0.0635 0.3816
MAU2 2021 131  -1000.5577    451.7927   2101.6459    0.3565 0.0657 0.3870
MAU2 2021 132   -999.8501    451.6468   2102.6051    0.3644 0.0670 0.3948
MAU2 2021 133  -1001.3528    453.6628   2098.0965    0.3690 0.0684 0.4058
MAU2 2021 134  -1005.2257    454.6566   2110.3717    0.3677 0.0692 0.4019
MAU2 2021 135  -1005.0494    453.7490   2102.6450    0.3633 0.0705 0.3893
MAU2 2021 136  -1001.6636    452.1490   2105.5067    0.3622 0.0687 0.3940
MAU2 2021 137  -1002.4650    451.3993   2103.7786    0.3736 0.0666 0.4154
MAU2 2021 138  -1003.4523    453.9849   2112.6720    0.3798 0.0674 0.4162
MAU2 2021 139  -1005.7853    453.6631   2115.5537    0.4156 0.0705 0.4533
MAU2 2021 140  -1004.5721    453.4077   2115.1311    0.4035 0.0750 0.4361
MAU2 2021 141  -1004.7281    451.8169   2108.3209    0.3793 0.0698 0.4131
MAU2 2021 142  -1005.3326    451.7346   2108.6544    0.3816 0.0731 0.4127
MAU2 2021 143  -1006.0693    453.6360   2110.7868    0.3867 0.0772 0.4112
MAU2 2021 144  -1008.4649    453.0650   2110.7438    0.4114 0.0796 0.4452
MAU2 2021 145  -1004.3831    452.1523   2112.2567    0.4083 0.0774 0.4514
MAU2 2021 146  -1010.6831    452.6862   2112.3996    0.4274 0.0793 0.4667
MAU2 2021 147  -1013.1064    456.2704   2119.1930    0.4493 0.0775 0.4921
MAU2 2021 148  -1008.1378    453.7784   2111.6206    0.4363 0.0837 0.4703
MAU2 2021 149  -1010.6000    452.5864   2116.1962    0.4002 0.0753 0.4402
MAU2 2021 150  -1010.8577    451.8927   2115.9341    0.4100 0.0788 0.4463
MAU2 2021 151  -1018.7573    452.3078   2114.2528    0.4226 0.0836 0.4530
MAU2 2021 152  -1011.4378    454.7885   2113.9217    0.4230 0.0820 0.4642
MAU2 2021 153  -1014.7633    454.2037   2115.9693    0.4269 0.0808 0.4725
MAU2 2021 154  -1015.4088    455.1052   2116.8234    0.4387 0.0814 0.4835
MAU2 2021 155  -1011.0662    452.7786   2118.3099    0.4082 0.0744 0.4423
MAU2 2021 156  -1009.0950    455.1550   2121.9010    0.3811 0.0736 0.4147
MAU2 2021 157  -1014.0037    455.5525   2121.8551    0.3721 0.0703 0.4120
MAU2 2021 158  -1013.2293    454.4163   2122.5133    0.3891 0.0756 0.4215
MAU2 2021 159  -1015.8861    453.6286   2123.8978    0.4084 0.0814 0.4353
MAU2 2021 160  -1012.8967    455.4879   2121.3192    0.4106 0.0806 0.4507
MAU2 2021 161  -1013.6669    454.3708   2121.1414    0.3952 0.0739 0.4390
MAU2 2021 162  -1011.9260    454.3100   2123.5605    0.3704 0.0683 0.4095
MAU2 2021 163  -1014.5968    456.8459   2124.5762    0.3782 0.0711 0.4124
MAU2 2021 164  -1020.8542    461.1096   2135.7535    0.3824 0.0733 0.4190
MAU2 2021 165  -1015.1666    454.4260   2128.1507    0.3572 0.0663 0.3979
MAU2 2021 166  -1014.6994    454.2504   2124.8128    0.3718 0.0712 0.4056
MAU2 2021 167  -1015.6603    455.6604   2129.2632    0.3778 0.0745 0.4049
MAU2 2021 168  -1014.7345    456.3391   2131.7356    0.3737 0.0666 0.4161
MAU2 2021 169  -1017.2273    455.8144   2129.4826    0.3616 0.0671 0.4018
MAU2 2021 170  -1016.7315    455.2133   2132.5227    0.3630 0.0671 0.3999
MAU2 2021 171  -1014.7770    453.6519   2133.3803    0.3666 0.0688 0.3976
MAU2 2021 172  -1017.4938    455.6551   2134.7222    0.3814 0.0727 0.4150
MAU2 2021 173  -1015.9679    456.0450   2137.4419    0.3815 0.0728 0.4239
MAU2 2021 174  -1019.3997    456.8476   2135.1510    0.3931 0.0755 0.4251
MAU2 2021 175  -1022.4746    455.8672   2137.9855    0.4032 0.0802 0.4306
MAU2 2021 176  -1018.6606    454.9162   2134.5368    0.3963 0.0761 0.4386
MAU2 2021 177  -1017.9478    455.1513   2132.6755    0.3739 0.0698 0.4157
MAU2 2021 178  -1018.4198    457.5339   2139.2508    0.3700 0.0628 0.4129
MAU2 2021 179  -1017.6749    458.1220   2141.3670    0.3634 0.0679 0.3961
MAU2 2021 180  -1019.0009    458.3223   2142.1988    0.3614 0.0678 0.3946
MAU2 2021 181  -1021.0165    457.9342   2146.3416    0.3801 0.0699 0.4210
MAU2 2021 182  -1020.9606    455.3116   2140.6868    0.3948 0.0758 0.4283
MAU2 2021 183  -1021.2657    457.8445   2146.5875    0.3857 0.0750 0.4116
MAU2 2021 184  -1020.6174    459.3408   2145.5216    0.3724 0.0705 0.4102
MAU2 2021 185  -1022.6090    458.2062   2144.7200    0.3647 0.0672 0.4058
MAU2 2021 186  -1020.9317    458.5675   2146.5816    0.3589 0.0655 0.3975
MAU2 2021 187  -1023.3658    458.3667   2152.7130    0.3759 0.0707 0.4096
MAU2 2021 188  -1024.7616    458.9629   2154.1149    0.3941 0.0748 0.4297
MAU2 2021 189  -1028.3831    459.7998   2155.7455    0.3924 0.0732 0.4350
MAU2 2021 190  -1023.4817    457.9353   2150.3212    0.4271 0.0822 0.4616
MAU2 2021 191  -1025.0112    458.6508   2152.9845    0.3937 0.0770 0.4233
MAU2 2021 192  -1026.2027    458.8352   2152.0707    0.3655 0.0673 0.4050
MAU2 2021 195  -1025.5860    459.6259   2156.3158    0.3672 0.0685 0.4042
MAU2 2021 196  -1025.8458    459.3541   2158.0737    0.3831 0.0703 0.4243
MAU2 2021 197  -1028.4449    458.5796   2153.6316    0.3838 0.0708 0.4288
MAU2 2021 198  -1028.4091    459.1079   2156.4818    0.3694 0.0710 0.4055
MAU2 2021 199  -1026.7557    461.6885   2161.2210    0.3646 0.0704 0.3955
MAU2 2021 200  -1027.1983    460.9033   2159.9007    0.3658 0.0673 0.4071
MAU2 2021 201  -1029.3796    461.0517   2160.1963    0.3562 0.0646 0.3991
MAU2 2021 202  -1030.4901    462.3427   2163.7564    0.3519 0.0635 0.3952
MAU2 2021 203  -1029.8031    463.6415   2165.2765    0.3650 0.0668 0.4038
MAU2 2021 204  -1029.2167    462.3672   2167.3268    0.3625 0.0660 0.4020
MAU2 2021 205  -1031.6161    461.4306   2166.6318    0.3630 0.0665 0.4071
MAU2 2021 206  -1032.9926    459.9230   2164.0216    0.3747 0.0711 0.4132
MAU2 2021 207  -1031.6024    461.4712   2165.3712    0.3559 0.0663 0.3875
MAU2 2021 208  -1030.6759    461.4594   2161.9550    0.3481 0.0625 0.3909
MAU2 2021 209  -1030.9738    460.5046   2165.2626    0.3498 0.0631 0.3987
MAU2 2021 210  -1030.9641    463.4811   2167.3009    0.3537 0.0631 0.4008
MAU2 2021 211  -1030.9611    464.5637   2171.2042    0.3716 0.0674 0.4174
MAU2 2021 212  -1031.0757    463.4667   2168.9058    0.3681 0.0661 0.4121
MAU2 2021 213  -1031.2485    463.9840   2168.5828    0.3430 0.0642 0.3876
MAU2 2021 214  -1031.9234    463.9585   2170.0691    0.3762 0.0736 0.4159
MAU2 2021 215  -1032.5271    463.0530   2173.2340    0.3833 0.0744 0.4209
MAU2 2021 216  -1035.0417    464.5661   2172.5538    0.3734 0.0700 0.4147
MAU2 2021 217  -1034.4486    465.4516   2170.3154    0.3781 0.0699 0.4234
MAU2 2021 218  -1035.6891    466.8538   2173.7920    0.3879 0.0720 0.4308
MAU2 2021 219  -1033.9715    465.0054   2179.1022    0.3783 0.0722 0.4219
MAU2 2021 220  -1035.4847    462.8881   2173.1391    0.3769 0.0690 0.4197
MAU2 2021 221  -1034.0465    464.6877   2172.0013    0.3754 0.0699 0.4226
MAU2 2021 222  -1035.7736    464.1549   2175.3575    0.3828 0.0740 0.4231
MAU2 2021 223  -1034.0978    463.8513   2178.3694    0.3908 0.0686 0.4315
MAU2 2021 224  -1035.3800    464.7235   2179.0503    0.3787 0.0699 0.4213
MAU2 2021 225  -1037.9594    465.4399   2178.1371    0.3635 0.0665 0.4123
MAU2 2021 226  -1038.4104    465.6326   2179.5312    0.3688 0.0662 0.4141
MAU2 2021 227  -1041.6794    464.9829   2189.5916    0.3849 0.0703 0.4277
MAU2 2021 228  -1040.1097    464.3414   2181.2972    0.4262 0.0771 0.4758
MAU2 2021 229  -1038.3404    463.3836   2183.4769    0.4090 0.0751 0.4586
MAU2 2021 230  -1040.9879    464.0579   2180.4352    0.4516 0.0864 0.4946
MAU2 2021 231  -1041.9837    463.3905   2182.8488    0.4371 0.0832 0.4837
MAU2 2021 232  -1042.0238    463.8703   2182.6363    0.4058 0.0735 0.4458
MAU2 2021 233  -1042.4312    464.4325   2182.3478    0.4195 0.0769 0.4769
MAU2 2021 234  -1044.5994    461.5792   2173.9414    0.4035 0.0717 0.4499
MAU2 2021 235  -1043.1749    464.7130   2183.1765    0.3839 0.0690 0.4255
MAU2 2021 236  -1041.8220    465.7010   2183.8408    0.3840 0.0677 0.4278
MAU2 2021 237  -1046.7039    465.0947   2182.2840    0.3974 0.0711 0.4445
MAU2 2021 238  -1043.9973    464.8497   2181.3707    0.4095 0.0773 0.4540
MAU2 2021 239  -1048.3181    466.2290   2185.8242    0.3974 0.0721 0.4358
MAU2 2021 240  -1049.1326    464.6646   2188.1502    0.4045 0.0731 0.4478
MAU2 2021 241  -1045.3200    468.2156   2188.4905    0.3875 0.0695 0.4346
MAU2 2021 242  -1045.5958    468.3875   2191.1356    0.3743 0.0664 0.4160
MAU2 2021 243  -1044.2673    467.8532   2191.1863    0.3755 0.0670 0.4158
MAU2 2021 244  -1043.8165    467.4462   2188.9081    0.3703 0.0678 0.4138
MAU2 2021 245  -1045.4363    467.7494   2194.4475    0.3696 0.0687 0.4121
MAU2 2021 246  -1044.7343    467.3506   2190.9185    0.3606 0.0692 0.3935
MAU2 2021 247  -1047.6909    467.2307   2193.6170    0.3654 0.0704 0.4001
MAU2 2021 248  -1047.7440    465.9722   2200.5944    0.3761 0.0705 0.4129
MAU2 2021 249  -1050.3086    467.2604   2194.9859    0.3668 0.0682 0.4074
MAU2 2021 250  -1049.9565    467.4222   2194.6585    0.3559 0.0626 0.3905
MAU2 2021 251  -1046.9794    467.7192   2194.8806    0.3626 0.0667 0.3988
MAU2 2021 252  -1048.1965    468.7077   2195.2765    0.3692 0.0679 0.4100
MAU2 2021 253  -1048.6756    468.7096   2196.6547    0.3709 0.0703 0.4110
MAU2 2021 254  -1053.5289    470.2170   2199.0422    0.3686 0.0710 0.4066
MAU2 2021 255  -1051.3980    468.1909   2195.6723    0.3948 0.0749 0.4295
MAU2 2021 256  -1051.6319    466.8502   2198.3205    0.3870 0.0723 0.4205
MAU2 2021 257  -1050.4937    469.3468   2198.8158    0.3823 0.0657 0.4257
MAU2 2021 258  -1049.4173    470.0351   2198.6579    0.3743 0.0688 0.4103
MAU2 2021 259  -1048.4125    469.8647   2201.4808    0.3713 0.0695 0.4025
MAU2 2021 260  -1048.5968    470.7859   2202.0726    0.3851 0.0724 0.4220
MAU2 2021 261  -1048.8524    470.6734   2208.0351    0.3671 0.0696 0.4013
MAU2 2021 262  -1049.2843    469.6946   2201.8548    0.3736 0.0723 0.4021
MAU2 2021 263  -1051.0548    468.9274   2202.5322    0.3609 0.0700 0.3879
MAU2 2021 264  -1052.5239    470.1657   2205.4557    0.3837 0.0699 0.4125
MAU2 2021 265  -1054.0345    471.5585   2207.7728    0.3795 0.0705 0.4165
MAU2 2021 266  -1052.6875    471.3793   2205.0000    0.3734 0.0672 0.4058
MAU2 2021 267  -1051.6689    472.5069   2205.8147    0.3896 0.0739 0.4205
MAU2 2021 268  -1055.0459    472.1374   2205.3976    0.3967 0.0716 0.4369
MAU2 2021 269  -1053.3032    470.6161   2212.8855    0.3770 0.0701 0.4139
MAU2 2021 270  -1055.3123    470.8121   2209.4793    0.3807 0.0723 0.4168
MAU2 2021 271  -1056.3423    472.8170   2207.0061    0.3883 0.0744 0.4207
MAU2 2021 272  -1055.4196    471.7202   2206.0242    0.4117 0.0746 0.4460
MAU2 2021 273  -1059.4477    470.2343   2214.4784    0.4142 0.0749 0.4548
MAU2 2021 274  -1059.1621    470.8032   2205.3735    0.4302 0.0768 0.4674
MAU2 2021 275  -1057.3642    469.9189   2210.6424    0.4237 0.0783 0.4652
MAU2 2021 276  -1054.4535    473.1399   2215.3123    0.4029 0.0730 0.4468
MAU2 2021 277  -1055.5228    473.4364   2215.8214    0.3898 0.0721 0.4258
MAU2 2021 278  -1056.3759    473.6151   2214.6656    0.3865 0.0728 0.4189
MAU2 2021 279  -1055.6684    474.0217   2217.7735    0.4000 0.0678 0.4382
MAU2 2021 280  -1057.9473    474.3809   2219.1332    0.4042 0.0671 0.4475
MAU2 2021 281  -1059.5949    472.1170   2215.6099    0.3895 0.0709 0.4368
MAU2 2021 282  -1056.5034    474.3587   2220.6859    0.4139 0.0691 0.4583
MAU2 2021 283  -1056.0697    474.5143   2219.6198    0.4138 0.0689 0.4551
MAU2 2021 284  -1055.5722    473.8432   2218.8030    0.3956 0.0652 0.4423
MAU2 2021 285  -1055.5900    473.6199   2220.3966    0.4037 0.0706 0.4505
MAU2 2021 286  -1057.9153    474.2305   2217.4481    0.4175 0.0803 0.4591
MAU2 2021 287  -1061.3811    472.2646   2220.5390    0.4051 0.0789 0.4416
MAU2 2021 288  -1059.9975    475.0711   2222.4785    0.4242 0.0738 0.4706
MAU2 2021 289  -1061.2617    474.7541   2221.8620    0.4589 0.0860 0.5100
MAU2 2021 290  -1059.3520    475.3692   2221.9212    0.4010 0.0676 0.4460
MAU2 2021 291  -1059.7851    476.1041   2228.4595    0.3985 0.0675 0.4383
MAU2 2021 292  -1057.9444    475.4081   2229.8090    0.3862 0.0651 0.4316
MAU2 2021 296  -1062.7435    474.2929   2227.2532    0.3968 0.0753 0.4417
MAU2 2021 297  -1062.8159    474.1689   2234.4315    0.4046 0.0702 0.4545
MAU2 2021 298  -1062.4377    476.8637   2237.1703    0.4004 0.0679 0.4454
MAU2 2021 299  -1061.2687    476.9165   2236.9838    0.3866 0.0665 0.4239
MAU2 2021 300  -1060.0887    478.3848   2234.3999    0.3890 0.0752 0.4365
MAU2 2021 301  -1062.2273    476.4570   2236.5762    0.3935 0.0727 0.4318
MAU2 2021 302  -1061.7130    476.0325   2236.1075    0.3873 0.0776 0.4247
MAU2 2021 303  -1062.0393    476.4076   2236.7535    0.3985 0.0796 0.4277
MAU2 2021 304  -1063.5031    476.6774   2235.8227    0.3888 0.0755 0.4237
MAU2 2021 305  -1063.1716    478.2590   2239.7553    0.3952 0.0775 0.4426
MAU2 2021 306  -1065.6249    477.5237   2243.2697    0.3930 0.0772 0.4302
MAU2 2021 307  -1065.2678    479.4990   2234.8877    0.4154 0.0806 0.4449
MAU2 2021 308  -1065.2746    477.2294   2233.2774    0.3917 0.0763 0.4241
MAU2 2021 309  -1063.5827    477.0625   2237.7526    0.4045 0.0842 0.4384
MAU2 2021 310  -1063.6306    477.3807   2242.6696    0.3932 0.0725 0.4278
MAU2 2021 311  -1065.1318    477.8915   2242.5596    0.4061 0.0806 0.4359
MAU2 2021 312  -1066.2914    477.8843   2245.1574    0.4211 0.0752 0.4605
MAU2 2021 313  -1068.1667    480.4951   2246.1840    0.4082 0.0718 0.4569
MAU2 2021 314  -1064.8687    480.3616   2247.4088    0.3935 0.0723 0.4286
MAU2 2021 315  -1067.5401    478.7470   2246.1994    0.3995 0.0736 0.4291
MAU2 2021 316  -1066.6343    479.7367   2247.1383    0.4162 0.0782 0.4507
MAU2 2021 317  -1073.3397    477.1495   2239.4348    0.3923 0.0747 0.4262
MAU2 2021 318  -1069.3133    480.9334   2247.4977    0.3935 0.0767 0.4260
MAU2 2021 319  -1073.9512    480.7582   2241.9251    0.4037 0.0773 0.4330
MAU2 2021 320  -1068.9840    479.6068   2242.6925    0.3887 0.0706 0.4187
MAU2 2021 321  -1071.7764    478.9420   2246.7666    0.3885 0.0733 0.4302
MAU2 2021 322  -1069.8804    480.4726   2250.5537    0.3944 0.0731 0.4284
MAU2 2021 323  -1069.9942    482.6187   2255.0982    0.3971 0.0666 0.4289
MAU2 2021 324  -1070.5039    480.0219   2251.1974    0.3862 0.0717 0.4187
MAU2 2021 325  -1071.3740    481.6595   2253.2942    0.3857 0.0730 0.4193
MAU2 2021 326  -1071.4611    481.4600   2254.3875    0.3928 0.0733 0.4256
MAU2 2021 327  -1070.6992    483.2303   2257.0329    0.3936 0.0739 0.4249
MAU2 2021 328  -1070.5362    482.1723   2254.2073    0.3969 0.0740 0.4319
MAU2 2021 329  -1073.4885    480.3538   2253.8749    0.4044 0.0745 0.4491
MAU2 2021 330  -1071.8723    481.7597   2255.3124    0.7119 0.1307 0.7749
MAU2 2021 331  -1074.3951    481.2891   2255.6551    0.4043 0.0745 0.4324
MAU2 2021 332  -1070.2381    480.0563   2257.1672    0.3861 0.0759 0.4223
MAU2 2021 333  -1071.9994    482.6529   2254.8963    0.3846 0.0751 0.4175
MAU2 2021 334  -1072.5432    482.6068   2260.7745    0.3934 0.0766 0.4244
MAU2 2021 336  -1075.5605    482.5541   2263.7211    0.4032 0.0780 0.4360
MAU2 2021 337  -1075.7118    481.1892   2257.0883    0.4334 0.0816 0.4817
MAU2 2021 338  -1076.3499    482.3726   2261.7001    0.3944 0.0735 0.4267
MAU2 2021 339  -1073.5267    484.5469   2262.6866    0.4033 0.0764 0.4292
MAU2 2021 340  -1071.4640    484.4543   2265.0524    0.4215 0.0811 0.4571
MAU2 2021 341  -1071.9409    481.8692   2264.2347    0.4267 0.0817 0.4610
MAU2 2021 342  -1072.5685    484.6096   2264.8390    0.4280 0.0830 0.4600
MAU2 2021 343  -1074.4502    483.9001   2267.2605    0.4368 0.0838 0.4676
MAU2 2021 344  -1075.9326    483.2560   2267.5581    0.4214 0.0819 0.4568
MAU2 2021 345  -1076.7022    484.7145   2257.1796    0.4447 0.0828 0.4876
MAU2 2021 346  -1081.4438    481.9997   2260.2267    0.4293 0.0806 0.4647
MAU2 2021 347  -1077.1293    483.7420   2269.2033    0.3989 0.0789 0.4260
MAU2 2021 348  -1077.6203    484.1829   2270.2797    0.3937 0.0770 0.4249
MAU2 2021 349  -1079.0331    484.7067   2267.7047    0.4001 0.0799 0.4205
MAU2 2021 350  -1075.7390    486.5866   2274.3172    0.4025 0.0792 0.4348
MAU2 2021 351  -1073.4180    485.2251   2274.3656    0.4162 0.0817 0.4510
MAU2 2021 352  -1075.3873    484.6422   2275.6063    0.4175 0.0805 0.4533
MAU2 2021 353  -1076.3985    486.8610   2277.5489    0.4175 0.0756 0.4656
MAU2 2021 354  -1077.8236    486.2865   2274.7748    0.4271 0.0798 0.4666
MAU2 2021 355  -1081.0436    485.7842   2275.8536    0.4194 0.0809 0.4471
MAU2 2021 356  -1076.2709    486.2451   2273.2999    0.4178 0.0812 0.4551
MAU2 2021 357  -1077.3046    482.9977   2271.5890    0.4228 0.0820 0.4520
MAU2 2021 358  -1078.7182    486.9374   2280.7097    0.4077 0.0791 0.4476
MAU2 2021 359  -1078.0768    485.7166   2285.9858    0.4333 0.0849 0.4736
MAU2 2021 360  -1076.2239    485.6986   2287.5726    0.4345 0.0840 0.4712
MAU2 2021 361  -1076.7815    487.4486   2287.1377    0.4169 0.0752 0.4703
MAU2 2021 362  -1079.4597    486.3423   2281.8659    0.4334 0.0817 0.4772
MAU2 2021 363  -1083.8384    488.1791   2277.9212    0.4227 0.0822 0.4548
MAU2 2021 364  -1085.4827    488.3695   2278.8807    0.4041 0.0778 0.4359
MAU2 2021 365  -1083.9332    487.7551   2280.4908    0.3914 0.0750 0.4172
MAU2 2022 001  -1087.1752    488.2120   2285.5391    0.3897 0.0750 0.4237
MAU2 2022 002  -1090.8697    487.4468   2284.6336    0.4235 0.0821 0.4574
MAU2 2022 003  -1089.6518    491.8151   2278.1885    0.4276 0.0805 0.4609
MAU2 2022 004  -1081.6191    489.3397   2288.4937    0.4114 0.0748 0.4512
MAU2 2022 005  -1080.2530    488.7963   2291.7084    0.4198 0.0767 0.4636
MAU2 2022 006  -1081.7855    488.1988   2291.9082    0.4162 0.0782 0.4481
MAU2 2022 007  -1081.5404    488.7971   2291.3585    0.4079 0.0778 0.4433
MAU2 2022 008  -1080.6372    487.4581   2290.6975    0.4213 0.0796 0.4520
MAU2 2022 009  -1084.3159    490.4904   2293.4608    0.4051 0.0765 0.4424
MAU2 2022 010  -1082.7124    489.8234   2297.6502    0.4112 0.0796 0.4458
MAU2 2022 011  -1077.3169    490.4594   2295.8024    0.4023 0.0754 0.4358
MAU2 2022 012  -1075.7260    492.0526   2305.6028    0.4190 0.0765 0.4710
MAU2 2022 013  -1083.2344    491.2950   2291.1521    0.4163 0.0766 0.4539
MAU2 2022 014  -1083.7322    491.5716   2302.5212    0.4216 0.0756 0.4597
MAU2 2022 015  -1084.4978    490.1719   2298.7882    0.4052 0.0773 0.4384
MAU2 2022 016  -1090.1982    490.3420   2301.0140    0.4370 0.0831 0.4658
MAU2 2022 017  -1095.2663    491.0154   2301.7883    0.4144 0.0777 0.4499
MAU2 2022 018  -1086.5966    490.0259   2303.2411    0.4133 0.0798 0.4485
MAU2 2022 019  -1086.1107    491.1941   2300.4388    0.4388 0.0865 0.4803
MAU2 2022 020  -1088.7813    491.6267   2302.2121    0.4205 0.0735 0.4694
MAU2 2022 021  -1090.6636    490.6755   2301.3837    0.4046 0.0743 0.4432
MAU2 2022 022  -1092.3451    490.3288   2306.0938    0.4212 0.0788 0.4566
MAU2 2022 023  -1091.1165    491.0859   2302.7860    0.4059 0.0767 0.4415
MAU2 2022 024  -1088.4426    491.4997   2302.4665    0.4114 0.0791 0.4420
MAU2 2022 025  -1088.7562    491.6886   2308.2841    0.4245 0.0798 0.4632
MAU2 2022 026  -1083.2049    492.1089   2314.5584    0.4675 0.0899 0.5056
MAU2 2022 027  -1087.4103    491.8556   2306.4718    0.4450 0.0833 0.4827
MAU2 2022 028  -1086.8885    493.0863   2307.1418    0.4282 0.0762 0.4777
MAU2 2022 029  -1091.1531    493.1982   2305.3955    0.4079 0.0755 0.4511
MAU2 2022 030  -1091.0158    491.8122   2311.0985    0.4059 0.0772 0.4476
MAU2 2022 031  -1091.2640    491.8455   2308.3086    0.3872 0.0739 0.4265
MAU2 2022 032  -1090.8448    493.8746   2306.1152    0.3949 0.0752 0.4284
MAU2 2022 033  -1090.3157    493.3844   2308.4607    0.4034 0.0764 0.4449
MAU2 2022 034  -1089.4052    492.3148   2308.7921    0.4329 0.0820 0.4729
MAU2 2022 035  -1094.8952    491.0428   2315.4176    0.4405 0.0854 0.4918
MAU2 2022 036  -1093.4032    492.5259   2316.2785    0.4093 0.0731 0.4621
MAU2 2022 037  -1093.2569    492.0056   2313.1247    0.3968 0.0753 0.4423
MAU2 2022 038  -1092.8338    491.9565   2317.3353    0.3971 0.0755 0.4367
MAU2 2022 039  -1092.9948    493.9645   2314.9940    0.4045 0.0767 0.4457
MAU2 2022 040  -1090.1920    492.7789   2313.6481    0.3974 0.0772 0.4313
MAU2 2022 041  -1094.8605    492.6483   2314.2528    0.4040 0.0786 0.4467
MAU2 2022 042  -1095.3751    494.0094   2310.9431    0.3963 0.0760 0.4311
MAU2 2022 043  -1091.6698    494.1637   2312.4681    0.3886 0.0716 0.4299
MAU2 2022 044  -1093.4773    493.6761   2324.0666    0.3824 0.0683 0.4326
MAU2 2022 045  -1094.9679    493.9795   2326.1418    0.4031 0.0722 0.4453
MAU2 2022 046  -1094.3569    493.3131   2324.3183    0.4081 0.0742 0.4509
MAU2 2022 047  -1095.6288    493.4001   2324.4542    0.3995 0.0761 0.4435
MAU2 2022 048  -1094.7398    492.9442   2318.3374    0.3957 0.0728 0.4330
MAU2 2022 049  -1096.2131    493.6906   2320.6748    0.3832 0.0697 0.4275
MAU2 2022 050  -1096.4304    495.0218   2324.2697    0.4113 0.0776 0.4507
MAU2 2022 051  -1099.6219    495.4621   2319.1657    0.4151 0.0746 0.4690
MAU2 2022 052  -1097.0335    493.2621   2332.0888    0.4083 0.0689 0.4652
MAU2 2022 053  -1098.0642    495.5855   2327.7376    0.4309 0.0776 0.4815
MAU2 2022 054  -1103.6907    494.9994   2326.0370    0.4273 0.0788 0.4757
MAU2 2022 055  -1101.2936    492.4209   2326.7319    0.4267 0.0771 0.4749
MAU2 2022 056  -1102.8560    494.5391   2323.0630    0.4144 0.0763 0.4570
MAU2 2022 057  -1099.5170    494.3751   2336.0146    0.4389 0.0809 0.4889
MAU2 2022 061  -1100.0917    495.4350   2327.0715    0.3937 0.0725 0.4417
MAU2 2022 062  -1104.0000    498.6435   2338.1067    0.4273 0.0736 0.4825
MAU2 2022 063  -1102.0524    495.9071   2337.6893    0.4193 0.0800 0.4727
MAU2 2022 064  -1106.0289    495.7038   2329.5193    0.4080 0.0774 0.4548
MAU2 2022 065  -1108.8539    500.8183   2331.6422    0.4115 0.0771 0.4613
MAU2 2022 066  -1103.0719    495.6560   2335.3039    0.4108 0.0806 0.4540
MAU2 2022 067  -1106.0503    496.5759   2331.1309    0.4073 0.0736 0.4597
MAU2 2022 068  -1104.6970    497.8365   2338.7995    0.3929 0.0645 0.4507
MAU2 2022 070  -1104.6991    497.9242   2340.4646    0.3973 0.0709 0.4439
MAU2 2022 071  -1102.7264    497.7156   2337.7776    0.3863 0.0743 0.4301
MAU2 2022 072  -1104.6112    497.6036   2332.9215    0.3857 0.0734 0.4240
MAU2 2022 073  -1105.5873    498.0543   2338.0488    0.3851 0.0726 0.4222
MAU2 2022 074  -1102.7566    496.5894   2338.4268    0.3852 0.0750 0.4212
MAU2 2022 075  -1105.1801    497.5701   2340.5594    0.4097 0.0737 0.4576
MAU2 2022 076  -1111.9303    502.7814   2346.4149    0.4284 0.0657 0.4916
MAU2 2022 077  -1106.2692    496.8699   2338.0723    0.3846 0.0697 0.4238
MAU2 2022 078  -1107.6237    497.6644   2343.5860    0.3972 0.0755 0.4442
MAU2 2022 079  -1107.2115    498.9871   2346.8624    0.4077 0.0773 0.4593
MAU2 2022 080  -1108.7481    498.4889   2341.3879    0.4241 0.0777 0.4668
MAU2 2022 081  -1108.4319    498.6094   2344.7373    0.4032 0.0754 0.4435
MAU2 2022 082  -1112.8310    498.9822   2338.6866    0.4058 0.0781 0.4435
MAU2 2022 083  -1107.5722    497.1721   2346.1393    0.4164 0.0686 0.4714
MAU2 2022 084  -1107.2236    498.1778   2348.6452    0.3874 0.0642 0.4352
MAU2 2022 085  -1108.7523    499.4779   2347.7575    0.3950 0.0740 0.4347
MAU2 2022 086  -1111.0579    497.5956   2346.8388    0.4072 0.0784 0.4475
MAU2 2022 087  -1109.3824    499.1868   2350.3726    0.3960 0.0749 0.4365
MAU2 2022 088  -1112.2663    498.5300   2341.6832    0.4108 0.0768 0.4521
MAU2 2022 089  -1111.0307    498.0934   2349.5231    0.3888 0.0743 0.4235
MAU2 2022 090  -1108.8788    498.6734   2348.0417    0.3736 0.0718 0.4091
MAU2 2022 091  -1107.4190    499.4277   2347.3318    0.3767 0.0679 0.4216
MAU2 2022 092  -1109.7675    499.2857   2353.3341    0.4080 0.0676 0.4578
MAU2 2022 093  -1115.4924    498.8195   2347.3612    0.4353 0.0803 0.4790
MAU2 2022 094  -1112.7060    498.9929   2349.7808    0.3735 0.0682 0.4118
MAU2 2022 095  -1113.0879    499.7331   2354.2830    0.4001 0.0684 0.4489
MAU2 2022 096  -1112.9894    500.0311   2352.4073    0.4017 0.0742 0.4465
MAU2 2022 097  -1114.5260    500.6703   2354.5538    0.3851 0.0732 0.4215
MAU2 2022 098  -1112.8173    500.6865   2355.3210    0.3903 0.0759 0.4232
MAU2 2022 099  -1114.3596    502.2235   2356.6013    0.4211 0.0762 0.4700
MAU2 2022 100  -1115.9462    499.9647   2354.4856    0.4049 0.0669 0.4534
MAU2 2022 101  -1114.5755    500.7418   2352.9648    0.3892 0.0710 0.4266
MAU2 2022 102  -1115.7226    501.5490   2356.5627    0.4017 0.0754 0.4389
MAU2 2022 103  -1114.8344    500.5632   2356.9137    0.3826 0.0724 0.4186
MAU2 2022 104  -1116.5714    501.8171   2356.6799    0.3932 0.0735 0.4345
MAU2 2022 105  -1117.3382    502.1890   2359.3274    0.3717 0.0722 0.4021
MAU2 2022 106  -1114.6746    501.7631   2357.7749    0.3754 0.0720 0.4116
MAU2 2022 107  -1117.0311    502.1604   2361.1586    0.4342 0.0784 0.4846
MAU2 2022 108  -1118.9854    501.6149   2357.8812    0.3814 0.0682 0.4214
MAU2 2022 109  -1119.7988    500.5643   2357.8642    0.3873 0.0704 0.4215
MAU2 2022 110  -1121.1946    500.7884   2355.6400    0.3907 0.0721 0.4266
MAU2 2022 111  -1120.0049    501.9959   2366.1641    0.3990 0.0749 0.4391
MAU2 2022 112  -1129.3909    500.6941   2355.1801    0.4019 0.0762 0.4461
MAU2 2022 113  -1123.6826    500.6061   2358.2939    0.4614 0.0902 0.4978
MAU2 2022 114  -1120.6222    503.8360   2357.3265    0.4274 0.0809 0.4664
MAU2 2022 115  -1121.3934    502.3912   2359.0457    0.4227 0.0768 0.4665
MAU2 2022 116  -1119.9705    502.6285   2364.0079    0.4157 0.0758 0.4546
MAU2 2022 117  -1123.5353    500.8194   2356.0797    0.4435 0.0823 0.4782
MAU2 2022 118  -1120.2449    501.9843   2359.0763    0.4247 0.0814 0.4571
MAU2 2022 119  -1121.6998    502.8366   2365.6304    0.3828 0.0736 0.4156
MAU2 2022 120  -1121.1619    501.9066   2366.3544    0.3704 0.0706 0.4052
MAU2 2022 121  -1122.4568    502.5812   2366.8175    0.3735 0.0709 0.3970
MAU2 2022 122  -1123.4642    501.9460   2369.9062    0.3786 0.0731 0.4096
MAU2 2022 123  -1123.1517    501.9899   2367.4878    0.3835 0.0702 0.4246
MAU2 2022 124  -1123.9020    501.9904   2366.4440    0.3839 0.0701 0.4194
MAU2 2022 125  -1125.0055    503.8186   2368.7475    0.4027 0.0743 0.4355
MAU2 2022 126  -1122.3499    502.8028   2367.1952    0.3792 0.0718 0.4073
MAU2 2022 127  -1123.0374    502.3999   2371.1459    0.3816 0.0732 0.4138
MAU2 2022 128  -1124.0908    502.3958   2369.6724    0.4193 0.0807 0.4583
MAU2 2022 129  -1124.6868    501.7575   2372.3859    0.4031 0.0764 0.4248
MAU2 2022 130  -1124.2382    501.2718   2371.6425    0.4032 0.0762 0.4349
MAU2 2022 131  -1125.9677    502.8750   2367.7691    0.4171 0.0770 0.4574
MAU2 2022 132  -1126.3241    503.6595   2376.3272    0.4341 0.0767 0.4667
MAU2 2022 133  -1123.0431    502.9755   2371.6401    0.3993 0.0743 0.4287
MAU2 2022 134  -1124.3381    501.7033   2373.3819    0.3805 0.0726 0.4086
MAU2 2022 135  -1124.3428    501.5946   2373.7902    0.3905 0.0749 0.4249
MAU2 2022 136  -1125.7348    502.6072   2370.5708    0.4012 0.0769 0.4385
MAU2 2022 137  -1125.6622    503.3947   2375.7896    0.4099 0.0797 0.4368
MAU2 2022 138  -1125.1452    503.1559   2376.4517    0.4076 0.0795 0.4441
MAU2 2022 139  -1128.1217    505.7045   2376.1087    0.4409 0.0811 0.4984
MAU2 2022 140  -1129.2832    504.0879   2371.1281    0.4410 0.0815 0.4919
MAU2 2022 141  -1126.2926    504.8819   2376.3547    0.4081 0.0763 0.4458
MAU2 2022 142  -1129.4637    504.7604   2382.0189    0.3864 0.0760 0.4178
MAU2 2022 143  -1129.3219    506.6399   2379.9695    0.4000 0.0773 0.4367
MAU2 2022 144  -1128.5849    504.6013   2365.0240    0.4221 0.0812 0.4606
MAU2 2022 145  -1131.2827    504.0810   2377.7165    0.4106 0.0814 0.4372
MAU2 2022 146  -1129.4725    502.0109   2377.4333    0.3869 0.0774 0.4246
MAU2 2022 147  -1129.8308    503.9730   2378.6653    0.3706 0.0695 0.4129
MAU2 2022 148  -1127.9817    506.3635   2379.9638    0.3660 0.0674 0.4032
MAU2 2022 149  -1128.5693    505.6857   2381.6288    0.3661 0.0680 0.4002
MAU2 2022 150  -1129.5598    505.5392   2381.4648    0.3575 0.0684 0.3847
MAU2 2022 151  -1129.5423    506.1418   2383.3338    0.3596 0.0693 0.3963
MAU2 2022 152  -1130.2989    506.2084   2383.8846    0.3687 0.0705 0.4063
MAU2 2022 153  -1132.1902    506.1665   2385.3185    0.3868 0.0770 0.4165
MAU2 2022 154  -1133.5641    507.2802   2386.7165    0.3606 0.0703 0.3981
MAU2 2022 155  -1127.5360    505.2408   2383.9988    0.4330 0.0798 0.4755
MAU2 2022 156  -1132.1284    503.9084   2390.8824    0.3945 0.0736 0.4359
MAU2 2022 157  -1136.8522    507.3817   2386.8828    0.4007 0.0766 0.4396
MAU2 2022 158  -1138.5791    504.8284   2388.1176    0.4049 0.0803 0.4337
MAU2 2022 159  -1136.9078    506.6405   2388.4707    0.3995 0.0766 0.4296
MAU2 2022 160  -1133.5010    506.4552   2383.3612    0.3899 0.0756 0.4210
MAU2 2022 161  -1132.3771    506.5481   2390.1279    0.6645 0.1306 0.7127
MAU2 2022 162  -1131.9175    506.2519   2391.7172    0.3616 0.0691 0.3919
MAU2 2022 163  -1133.3079    506.2274   2390.0677    0.3568 0.0649 0.3847
MAU2 2022 164  -1134.3496    507.6850   2394.9503    0.3719 0.0618 0.4119
MAU2 2022 165  -1121.0773    505.3410   2387.4999    7.7696 0.7929 5.7066
MAU2 2022 166  -1134.8655    506.4374   2395.7901    0.3665 0.0721 0.3903
MAU2 2022 167  -1135.2274    505.6164   2395.1850    0.3731 0.0707 0.3985
MAU2 2022 168  -1135.9412    506.3078   2396.8493    0.3843 0.0737 0.4146
MAU2 2022 169  -1138.9043    506.5006   2399.5960    0.3756 0.0730 0.4051
MAU2 2022 170  -1139.1623    505.4339   2399.8193    0.3857 0.0724 0.4172
MAU2 2022 171  -1140.5909    505.6675   2399.3532    0.3793 0.0671 0.4141
MAU2 2022 172  -1136.4355    504.1629   2400.4129    0.4527 0.0809 0.4975
MAU2 2022 173  -1137.9040    503.8892   2398.0311    0.3744 0.0703 0.4057
MAU2 2022 174  -1137.8063    505.8914   2398.5807    0.7540 0.1475 0.8000
MAU2 2022 176  -1140.4899    505.6113   2400.2381    0.5979 0.1139 0.6394
MAU2 2022 181  -1139.5949    506.3364   2404.7126    0.3954 0.0740 0.4325
MAU2 2022 182  -1141.4856    506.0547   2404.8870    0.4030 0.0786 0.4368
MAU2 2022 183  -1143.0252    506.8167   2405.1808    0.3983 0.0750 0.4332
MAU2 2022 184  -1142.7980    505.1916   2401.0046    0.4031 0.0777 0.4442
MAU2 2022 185  -1140.9383    504.4743   2404.1872    0.3933 0.0745 0.4311
MAU2 2022 186  -1143.0003    505.4648   2407.5179    0.4144 0.0778 0.4578
MAU2 2022 189  -1146.2836    506.9618   2408.2976    0.3868 0.0734 0.4234
MAU2 2022 190  -1143.6891    506.3056   2407.0859    0.3934 0.0770 0.4283
MAU2 2022 191  -1143.0011    506.7970   2407.1729    0.4006 0.0759 0.4337
MAU2 2022 192  -1142.9391    506.5359   2403.0542    0.4012 0.0758 0.4388
MAU2 2022 194  -1143.9929    506.9788   2409.6377    0.3955 0.0725 0.4372
MAU2 2022 196  -1144.4688    506.7498   2410.4990    0.4241 0.0737 0.4764
MAU2 2022 197  -1144.7933    507.7214   2411.8302    1.3735 0.2590 1.5329
MAU2 2022 199  -1146.2560    509.2941   2417.1247    0.9230 0.1715 1.0073
MAU2 2022 200  -1147.7151    508.5409   2413.9812    0.6034 0.1174 0.6673
MAU2 2022 201  -1148.6063    507.1258   2413.1661    0.3957 0.0759 0.4355
MAU2 2022 202  -1152.4019    507.1241   2415.5636    0.3993 0.0751 0.4398
MAU2 2022 203  -1152.9393    509.5966   2412.4602    0.4188 0.0769 0.4627
MAU2 2022 204  -1151.8522    507.8078   2419.4347    0.4077 0.0745 0.4576
MAU2 2022 205  -1148.2237    506.7909   2417.0692    0.3862 0.0746 0.4254
MAU2 2022 206  -1149.5336    508.7963   2411.1099    0.3932 0.0769 0.4321
MAU2 2022 207  -1145.9242    508.4282   2413.6801    0.4120 0.0816 0.4482
MAU2 2022 208  -1148.6383    509.1204   2416.8551    0.4208 0.0809 0.4677
MAU2 2022 209  -1147.8044    509.5183   2417.0521    0.4091 0.0749 0.4545
MAU2 2022 210  -1146.0206    509.7548   2419.6366    1.5611 0.2918 1.7410
MAU2 2022 211  -1148.6790    509.5074   2418.1045    0.3972 0.0726 0.4380
MAU2 2022 212  -1148.6170    509.6495   2418.3912    0.4038 0.0718 0.4549
MAU2 2022 213  -1149.4733    507.4292   2421.2242    0.3915 0.0747 0.4373
MAU2 2022 214  -1148.7020    510.0620   2421.4492    0.8326 0.1597 0.9256
MAU2 2022 215  -1149.6672    510.5727   2422.2502    0.4029 0.0772 0.4376
MAU2 2022 216  -1150.4683    510.5076   2424.3373    0.4095 0.0769 0.4546
MAU2 2022 217  -1151.7599    510.5531   2426.3706    0.3906 0.0724 0.4358
MAU2 2022 218  -1152.5584    512.2955   2429.9197    0.3820 0.0710 0.4218
MAU2 2022 219  -1151.8996    509.8593   2420.8183    0.3699 0.0684 0.4061
MAU2 2022 220  -1152.8240    510.3955   2420.2229    0.3813 0.0699 0.4246
MAU2 2022 221  -1151.1945    510.8187   2421.0775    0.5115 0.0926 0.5658
MAU2 2022 222  -1152.8340    509.8251   2421.2385    0.3924 0.0753 0.4344
MAU2 2022 223  -1152.7883    510.4887   2425.0776    0.3938 0.0759 0.4254
MAU2 2022 225  -1157.1909    510.6097   2429.6861    0.3907 0.0691 0.4356
MAU2 2022 226  -1156.0800    508.9001   2425.8483    0.3988 0.0736 0.4422
MAU2 2022 227  -1157.7210    509.9935   2422.1246    0.3875 0.0695 0.4277
MAU2 2022 231  -1153.7962    511.3648   2430.7962    0.3787 0.0706 0.4091
MAU2 2022 232  -1152.9775    511.2202   2427.9501    0.3734 0.0697 0.4148
MAU2 2022 234  -1155.6861    511.3236   2432.4324    0.3741 0.0704 0.4084
MAU2 2022 236  -1163.1599    512.8217   2431.8175    0.4087 0.0741 0.4519
MAU2 2022 237  -1157.8855    512.2087   2429.9978    0.3849 0.0726 0.4277
MAU2 2022 240  -1157.2471    512.6308   2433.3599    0.3670 0.0695 0.4125
MAU2 2022 241  -1158.1360    512.2851   2434.8806    0.3701 0.0704 0.4086
MAU2 2022 242  -1157.6882    513.2269   2439.5472    0.3774 0.0732 0.4120
MAU2 2022 245  -1159.2643    513.1911   2436.2484    0.3727 0.0729 0.4078
MAU2 2022 246  -1157.9086    512.4416   2435.3912    0.3897 0.0779 0.4174
MAU2 2022 247  -1159.4114    511.6981   2441.8918    0.3836 0.0782 0.4090
MAU2 2022 248  -1158.9441    512.2522   2439.3087    0.3887 0.0737 0.4316
MAU2 2022 249  -1159.5969    514.5013   2440.6360    0.3837 0.0729 0.4215
MAU2 2022 251  -1161.7734    512.0376   2440.1834    0.3827 0.0703 0.4161
MAU2 2022 252  -1162.2201    512.4095   2439.6390    0.3943 0.0725 0.4325
MAU2 2022 253  -1160.8014    513.8248   2441.7319    0.3892 0.0746 0.4301
MAU2 2022 254  -1159.8079    512.1937   2442.5573    0.3895 0.0754 0.4267
MAU2 2022 256  -1162.9862    512.5525   2444.2661    0.4059 0.0809 0.4569
MAU2 2022 257  -1162.9336    513.2486   2443.0650    0.4220 0.0830 0.4714
MAU2 2022 258  -1163.7845    514.0939   2444.0803    0.4308 0.0819 0.4722
MAU2 2022 260  -1166.0171    511.1915   2442.8226    0.4318 0.0813 0.4744
MAU2 2022 261  -1164.5116    512.1486   2448.3078    0.4109 0.0787 0.4490
MAU2 2022 262  -1163.6753    512.3256   2446.9616    0.3937 0.0771 0.4282
MAU2 2022 263  -1167.3692    510.9595   2441.8889    0.4322 0.0840 0.4633
MAU2 2022 264  -1165.3740    513.3131   2444.8666    0.4181 0.0799 0.4632
MAU2 2022 265  -1165.7927    513.9601   2447.2433    0.4397 0.0817 0.4812
MAU2 2022 266  -1168.2927    513.3856   2444.3305    0.4385 0.0833 0.4771
MAU2 2022 268  -1167.4021    514.2827   2446.4209    0.4482 0.0837 0.4911
MAU2 2022 269  -1169.3854    513.3198   2450.3813    0.4367 0.0826 0.4810
MAU2 2022 272  -1164.7449    515.3468   2449.6252    0.4338 0.0843 0.4889
MAU2 2022 273  -1167.2042    515.1783   2450.2591    0.4228 0.0829 0.4667
MAU2 2022 275  -1169.1179    514.8278   2453.1902    0.4158 0.0806 0.4529
MAU2 2022 276  -1168.7260    517.0489   2458.4350    0.4327 0.0827 0.4782
MAU2 2022 277  -1171.0009    514.4633   2460.1534    0.4123 0.0819 0.4552
MAU2 2022 278  -1168.1123    515.1138   2456.0073    0.4034 0.0781 0.4366
MAU2 2022 279  -1171.5522    512.7339   2460.3551    0.4296 0.0900 0.4526
MAU2 2022 281  -1170.5937    515.8336   2456.0966    0.4089 0.0806 0.4508
MAU2 2022 282  -1166.5638    516.0157   2457.9315    0.3955 0.0775 0.4306
MAU2 2022 283  -1168.2947    514.5518   2460.9809    0.4006 0.0779 0.4353
MAU2 2022 284  -1168.5878    516.7236   2458.3221    0.4157 0.0798 0.4581
MAU2 2022 286  -1170.0041    514.8520   2461.4129    0.4101 0.0789 0.4447
MAU2 2022 287  -1169.7447    515.5999   2462.3555    0.4058 0.0823 0.4352
MAU2 2022 288  -1168.2982    516.6019   2462.9796    1.5836 0.3012 1.7451
MAU2 2022 289  -1169.2891    516.3867   2462.2172    0.7378 0.1384 0.8028
MAU2 2022 290  -1171.8647    517.9177   2465.7299    0.4403 0.0835 0.4741
MAU2 2022 291  -1169.4495    515.0372   2468.1045    0.4388 0.0851 0.4699
MAU2 2022 292  -1169.6113    517.9794   2461.4368    0.4165 0.0792 0.4558
MAU2 2022 293  -1170.4021    517.0809   2467.1293    0.4201 0.0825 0.4556
MAU2 2022 294  -1174.9301    516.7430   2461.6255    0.4038 0.0803 0.4312
MAU2 2022 295  -1171.1299    517.5295   2464.6609    0.4291 0.0870 0.4543
MAU2 2022 296  -1172.3467    518.7371   2473.7296    0.4094 0.0790 0.4429
MAU2 2022 297  -1172.7535    518.0501   2469.7804    0.4139 0.0782 0.4480
MAU2 2022 298  -1172.0931    518.2508   2476.6673    0.4503 0.0866 0.4843
MAU2 2022 299  -1171.8946    518.3277   2470.8125    0.4298 0.0838 0.4624
MAU2 2022 301  -1182.5252    515.8694   2475.1605    0.5504 0.1062 0.5915
MAU2 2022 302  -1176.5159    520.2479   2471.3137    0.4405 0.0857 0.4686
MAU2 2022 303  -1176.7819    518.0504   2465.9464    0.4340 0.0877 0.4595
MAU2 2022 304  -1173.6458    519.4754   2475.8099    0.4107 0.0811 0.4479
MAU2 2022 305  -1171.8236    519.0929   2474.9880    0.3891 0.0730 0.4190
MAU2 2022 306  -1170.6254    520.8094   2477.9787    0.3964 0.0748 0.4206
MAU2 2022 307  -1171.5071    521.3218   2474.9994    0.4067 0.0773 0.4370
MAU2 2022 308  -1172.6161    520.8708   2476.9821    0.4108 0.0763 0.4450
MAU2 2022 309  -1173.2827    521.5012   2478.7932    0.4100 0.0828 0.4382
MAU2 2022 310  -1174.7873    520.7721   2479.1739    0.3978 0.0785 0.4210
MAU2 2022 311  -1176.9776    520.6188   2480.4228    0.4279 0.0861 0.4484
MAU2 2022 312  -1174.4411    522.7091   2480.0083    0.4188 0.0795 0.4597
MAU2 2022 315  -1175.3363    522.2007   2484.1730    0.6500 0.1229 0.7015
MAU2 2022 316  -1178.2076    521.0377   2483.2497    0.4160 0.0761 0.4519
MAU2 2022 317  -1176.7319    521.9759   2484.9482    0.7628 0.1522 0.8148
MAU2 2022 318  -1178.9122    521.1950   2484.2768    1.0271 0.2090 1.0958
MAU2 2022 319  -1179.3069    520.9257   2488.9625    0.4286 0.0865 0.4591
MAU2 2022 320  -1177.0277    525.4518   2491.7956    0.4551 0.0916 0.4992
MAU2 2022 321  -1174.9735    522.1649   2488.3943    0.4234 0.0833 0.4573
MAU2 2022 322  -1175.0177    522.9696   2493.2201    0.4040 0.0793 0.4302
MAU2 2022 323  -1175.5035    522.5752   2485.9464    0.4108 0.0788 0.4423
MAU2 2022 324  -1178.0882    522.9343   2487.7123    0.4199 0.0791 0.4520
MAU2 2022 325  -1178.7146    522.2694   2490.7502    0.4122 0.0836 0.4417
MAU2 2022 326  -1178.5120    524.3759   2492.0988    0.4134 0.0828 0.4388
MAU2 2022 327  -1174.2022    523.4245   2494.4966    0.4268 0.0849 0.4494
MAU2 2022 328  -1177.7647    524.4338   2489.8104    0.8015 0.1553 0.8827
MAU2 2022 329  -1174.5034    525.4185   2493.4187    0.5259 0.1020 0.5771
MAU2 2022 330  -1175.2918    523.0076   2488.4189    0.4591 0.0892 0.4937
MAU2 2022 331  -1176.1247    523.9062   2506.8977    0.4723 0.0895 0.5134
MAU2 2022 332  -1178.6077    526.2741   2499.6817    0.4897 0.0992 0.5212
MAU2 2022 333  -1180.7174    524.0382   2502.1305    0.5005 0.1020 0.5379
MAU2 2022 334  -1182.2614    524.1232   2491.8319    0.4495 0.0913 0.4760
MAU2 2022 335  -1183.1334    522.3645   2499.8641    0.9638 0.1926 1.0045
MAU2 2022 336  -1182.1667    524.6479   2501.3512    0.3991 0.0774 0.4331
MAU2 2022 337  -1182.2049    524.4478   2504.6325    0.8690 0.1697 0.9352
MAU2 2022 338  -1184.0283    523.3907   2504.2096    0.9810 0.1933 1.0460
MAU2 2022 339  -1183.0273    524.5379   2508.9272    0.3994 0.0740 0.4348
MAU2 2022 340  -1184.0695    524.5745   2503.0621    0.4298 0.0826 0.4659
MAU2 2022 341  -1183.4707    525.6724   2510.7693    0.4541 0.0914 0.4929
MAU2 2022 342  -1189.2343    524.3581   2507.7007    0.4761 0.0928 0.5079
MAU2 2022 343  -1188.0702    523.6489   2512.2611    0.4778 0.0925 0.5073
MAU2 2022 344  -1186.2900    526.0963   2511.4680    4.3212 0.8408 4.7853
MAU2 2022 345  -1185.0014    522.9359   2510.3554    0.4259 0.0829 0.4712
MAU2 2022 346  -1185.4940    524.8985   2514.3735    0.8863 0.1696 0.9615
MAU2 2022 347  -1183.2806    524.9324   2511.0459    0.3969 0.0720 0.4364
MAU2 2022 348  -1187.3458    525.9949   2506.3191    0.4324 0.0811 0.4750
MAU2 2022 349  -1185.6616    525.0436   2516.3575    0.7775 0.1499 0.8327
MAU2 2022 350  -1184.1874    524.0116   2517.9099    0.4227 0.0862 0.4504
MAU2 2022 351  -1184.7384    524.2887   2517.5649    1.4674 0.2968 1.5390
MAU2 2022 352  -1186.5647    528.0076   2519.4041    0.4777 0.0897 0.5224
MAU2 2022 353  -1184.8298    529.2223   2516.6812    0.5516 0.1046 0.5971
MAU2 2022 354  -1185.9301    528.6401   2523.7194    0.4173 0.0785 0.4447
MAU2 2022 355  -1186.3052    527.4586   2518.2317    0.4123 0.0719 0.4497
MAU2 2022 356  -1191.0116    531.5566   2519.1143    0.4892 0.0902 0.5299
MAU2 2022 357  -1190.1128    526.4442   2522.0318    0.4775 0.1012 0.5287
MAU2 2022 358  -1189.8376    527.7258   2523.3346    0.4585 0.0866 0.4880
MAU2 2022 359  -1190.4013    528.1175   2522.8995    0.4540 0.0857 0.4914
MAU2 2022 361  -1188.8578    528.2151   2518.1938    0.4966 0.0930 0.5444
MAU2 2022 362  -1190.4206    528.0613   2522.1170    0.5085 0.0923 0.5521
MAU2 2022 363  -1187.8268    527.6139   2525.7677    0.4692 0.0857 0.5174
MAU2 2022 364  -1187.8947    526.5006   2526.0005    0.4638 0.0870 0.5079
MAU2 2022 365  -1187.4960    528.1600   2523.8237    0.4570 0.0867 0.4897
MAU2 2023 001  -1190.8504    529.2321   2506.4972    0.3918 0.0757 0.4241
MAU2 2023 002  -1193.9564    528.7708   2502.1268    0.3727 0.0726 0.3981
MAU2 2023 003  -1189.5133    529.9366   2510.9809    0.3676 0.0703 0.3923
MAU2 2023 004  -1187.6419    527.9326   2507.8557    0.3743 0.0738 0.4045
MAU2 2023 005  -1186.2464    530.8058   2512.3855    0.3681 0.0707 0.4051
MAU2 2023 006  -1189.2382    528.8086   2505.7232    0.3809 0.0725 0.4199
MAU2 2023 007  -1186.4446    527.9349   2512.4162    0.3875 0.0732 0.4211
MAU2 2023 008  -1185.1141    529.3721   2516.4930    0.3724 0.0707 0.4079
MAU2 2023 009  -1187.2725    530.1738   2513.7122    0.3843 0.0734 0.4238
MAU2 2023 010  -1189.6344    530.9888   2506.3254    0.4142 0.0794 0.4495
MAU2 2023 011  -1194.7710    529.9366   2517.6039    0.3767 0.0719 0.4082
MAU2 2023 012  -1192.8684    529.1521   2517.6772    0.3680 0.0715 0.4016
MAU2 2023 013  -1191.8305    530.4078   2521.5262    0.3496 0.0660 0.3872
MAU2 2023 014  -1192.5911    532.4941   2517.9565    0.3667 0.0670 0.4031
MAU2 2023 015  -1190.3966    530.9605   2517.5904    0.3708 0.0698 0.4025
MAU2 2023 016  -1190.8594    531.7054   2516.7862    0.3776 0.0712 0.4121
MAU2 2023 017  -1190.8228    532.1799   2518.6302    0.3777 0.0730 0.4138
MAU2 2023 018  -1190.0720    530.5854   2520.6375    0.4231 0.0865 0.4592
MAU2 2023 019  -1191.1579    529.1960   2521.1379    0.4254 0.0837 0.4630
MAU2 2023 020  -1194.9169    531.0801   2518.0353    0.4001 0.0816 0.4379
MAU2 2023 021  -1194.0563    531.3984   2520.8263    0.3813 0.0734 0.4285
MAU2 2023 022  -1194.0296    531.8169   2528.0273    0.4547 0.0888 0.5064
MAU2 2023 023  -1193.9562    531.0597   2520.2285    0.4161 0.0782 0.4574
MAU2 2023 024  -1199.6451    532.7987   2526.0091    0.4768 0.0980 0.5268
MAU2 2023 025  -1193.5015    531.2632   2520.6618    0.3953 0.0758 0.4346
MAU2 2023 026  -1199.4179    532.4256   2527.0367    0.4135 0.0825 0.4388
MAU2 2023 027  -1193.7310    532.8420   2530.3672    0.3859 0.0751 0.4175
MAU2 2023 028  -1195.9961    531.8289   2524.8500    0.4152 0.0849 0.4476
MAU2 2023 029  -1194.6148    532.1134   2530.8846    0.4001 0.0774 0.4413
MAU2 2023 030  -1193.5434    531.0063   2529.0508    0.3910 0.0738 0.4262
MAU2 2023 031  -1194.4132    532.2172   2527.1213    0.4293 0.0854 0.4671
MAU2 2023 032  -1196.9161    530.9880   2528.7918    0.3965 0.0774 0.4338
MAU2 2023 033  -1193.6246    532.2938   2528.6962    0.3947 0.0751 0.4338
MAU2 2023 034  -1192.1704    530.4442   2537.2373    0.3947 0.0754 0.4289
MAU2 2023 035  -1196.0947    529.1555   2528.7430    0.4008 0.0744 0.4363
MAU2 2023 036  -1194.4224    530.5150   2538.1293    0.3991 0.0788 0.4390
MAU2 2023 037  -1196.4377    530.5578   2538.0789    0.3834 0.0701 0.4320
MAU2 2023 038  -1195.2831    531.8125   2537.3788    0.3821 0.0694 0.4251
MAU2 2023 039  -1194.3638    532.9279   2533.1585    0.3916 0.0726 0.4328
MAU2 2023 040  -1195.4206    532.3918   2538.0830    0.4024 0.0746 0.4479
MAU2 2023 041  -1197.3674    531.4775   2536.8317    0.6750 0.1248 0.7514
MAU2 2023 042  -1196.9492    532.8617   2529.2564    0.3847 0.0720 0.4224
MAU2 2023 043  -1198.8727    532.5343   2542.2996    0.4385 0.0858 0.4805
MAU2 2023 044  -1202.0479    532.9326   2535.2555    0.4018 0.0783 0.4394
MAU2 2023 045  -1202.9878    533.9534   2534.6594    0.3805 0.0745 0.4275
MAU2 2023 046  -1198.9175    533.9593   2534.9825    0.3855 0.0722 0.4264
MAU2 2023 047  -1201.7779    531.7106   2542.4715    0.3773 0.0699 0.4141
MAU2 2023 048  -1205.9336    534.1767   2537.7859    0.3771 0.0738 0.4193
MAU2 2023 049  -1202.0708    532.8112   2538.7285    0.3719 0.0756 0.4150
MAU2 2023 050  -1202.6097    532.9258   2539.1219    0.3717 0.0716 0.4100
MAU2 2023 051  -1202.0689    534.5810   2539.6902    0.3612 0.0686 0.3988
MAU2 2023 052  -1202.4256    534.5204   2541.6691    0.3825 0.0775 0.4226
MAU2 2023 053  -1204.1124    535.9099   2545.0914    0.3710 0.0721 0.4265
MAU2 2023 054  -1201.0628    534.8571   2546.5211    0.3938 0.0780 0.4380
MAU2 2023 055  -1201.7244    535.0401   2541.5758    0.3799 0.0725 0.4212
MAU2 2023 056  -1204.0754    534.9510   2545.7313    0.3982 0.0795 0.4447
MAU2 2023 057  -1202.7630    536.5275   2542.4725    0.3707 0.0715 0.4146
MAU2 2023 058  -1203.5892    536.2882   2541.9034    0.3721 0.0730 0.4070
MAU2 2023 059  -1202.9892    536.0332   2546.8201    0.3790 0.0728 0.4074
MAU2 2023 060  -1205.4185    535.8107   2547.6686    0.3802 0.0749 0.4150
MAU2 2023 061  -1202.6965    537.1300   2547.8436    0.3677 0.0701 0.4116
MAU2 2023 062  -1200.4594    535.5705   2549.2005    0.3814 0.0711 0.4202
MAU2 2023 063  -1201.5044    537.6318   2542.4466    0.3726 0.0705 0.4088
MAU2 2023 064  -1203.4096    537.0892   2548.4521    0.3651 0.0684 0.4019
MAU2 2023 065  -1205.1178    537.2620   2547.3683    0.3997 0.0753 0.4438
MAU2 2023 066  -1207.7012    536.6596   2540.1617    0.3956 0.0735 0.4365
MAU2 2023 067  -1209.5545    537.7210   2545.2424    0.4234 0.0872 0.4550
MAU2 2023 068  -1208.5681    533.8501   2543.1292    0.3925 0.0749 0.4400
MAU2 2023 069  -1206.4678    536.8388   2540.5411    0.3942 0.0722 0.4487
MAU2 2023 070  -1205.9847    537.9829   2550.1518    0.3934 0.0735 0.4373
MAU2 2023 071  -1207.1598    536.8204   2552.2999    0.4128 0.0803 0.4546
MAU2 2023 072  -1209.6764    538.9693   2547.9450    0.3946 0.0770 0.4363
MAU2 2023 073  -1207.5642    539.3666   2544.7126    0.3982 0.0787 0.4404
MAU2 2023 074  -1207.5833    535.5494   2538.0944    0.4164 0.0884 0.4582
MAU2 2023 075  -1208.8344    538.8531   2548.6313    0.3914 0.0758 0.4196
MAU2 2023 076  -1208.5772    538.4684   2544.7698    0.3769 0.0761 0.4126
MAU2 2023 077  -1209.6059    535.9332   2549.7155    0.3737 0.0689 0.4158
MAU2 2023 078  -1208.6799    539.1720   2550.7400    0.3745 0.0701 0.4097
MAU2 2023 079  -1209.3781    538.9826   2551.7069    0.3820 0.0729 0.4167
MAU2 2023 080  -1207.6400    537.9295   2547.5202    0.3670 0.0686 0.4071
MAU2 2023 081  -1208.2908    537.9559   2557.0281    0.3675 0.0694 0.4084
MAU2 2023 082  -1208.2975    537.9946   2553.1417    0.3807 0.0715 0.4198
MAU2 2023 083  -1208.9877    536.4903   2555.1757    0.4439 0.1059 0.4917
MAU2 2023 084  -1210.0302    537.7404   2556.6674    0.4022 0.0764 0.4452
MAU2 2023 085  -1209.2494    540.7641   2558.2998    0.3497 0.0651 0.3889
MAU2 2023 086  -1211.7337    539.9456   2558.9371    0.3597 0.0669 0.3950
MAU2 2023 087  -1212.9664    542.2310   2563.5912    0.4044 0.0762 0.4386
MAU2 2023 088  -1212.1750    537.7703   2559.8979    0.3695 0.0700 0.4024
MAU2 2023 089  -1212.1582    540.8199   2567.3799    0.3627 0.0686 0.3967
MAU2 2023 090  -1211.8946    540.1454   2556.0290    0.3576 0.0682 0.3858
MAU2 2023 091  -1211.6300    539.6751   2562.7852    0.3676 0.0719 0.3914
MAU2 2023 092  -1214.3289    541.0160   2562.3583    0.3711 0.0711 0.4062
MAU2 2023 093  -1213.1604    542.0059   2558.9371    0.3585 0.0663 0.3928
MAU2 2023 094  -1212.6700    541.1126   2561.0143    0.3559 0.0665 0.3855
MAU2 2023 095  -1209.3956    542.1174   2560.8897    0.4097 0.0791 0.4383
MAU2 2023 096  -1210.9508    541.9790   2559.3818    0.3882 0.0739 0.4201
MAU2 2023 097  -1209.6713    542.3080   2565.5897    0.3510 0.0665 0.3814
MAU2 2023 098  -1211.9639    541.9048   2564.1430    0.3497 0.0663 0.3811
MAU2 2023 099  -1213.7185    541.3807   2564.6195    0.3563 0.0688 0.3771
MAU2 2023 100  -1215.6385    544.7704   2570.7811    0.3816 0.0734 0.4102
MAU2 2023 101  -1222.1821    545.5021   2571.4693    0.4287 0.0806 0.4608
MAU2 2023 102  -1215.1548    540.5407   2570.4292    0.3678 0.0708 0.3946
MAU2 2023 103  -1214.1205    542.6192   2565.9574    0.3646 0.0711 0.3884
MAU2 2023 104  -1214.6320    543.8833   2563.8131    0.3667 0.0676 0.3922
MAU2 2023 105  -1212.7781    542.5258   2567.6058    0.3565 0.0689 0.3809
MAU2 2023 106  -1218.5975    542.2572   2566.8889    0.3559 0.0677 0.3779
MAU2 2023 107  -1224.3967    538.9850   2567.1318    0.3794 0.0743 0.3962
MAU2 2023 108  -1223.8591    536.7951   2570.8449    0.3849 0.0732 0.4160
MAU2 2023 109  -1220.8416    540.8608   2569.4694    0.3777 0.0698 0.4093
MAU2 2023 110  -1219.3659    543.5392   2571.1503    0.3544 0.0663 0.3798
MAU2 2023 111  -1219.6131    543.5818   2564.7134    0.3572 0.0663 0.3809
MAU2 2023 112  -1218.6551    542.6831   2572.6699    0.3496 0.0651 0.3763
MAU2 2023 113  -1216.6492    545.2852   2575.1466    0.3502 0.0680 0.3804
MAU2 2023 114  -1219.1762    546.1088   2575.0669    0.3542 0.0691 0.3787
MAU2 2023 115  -1220.6850    544.4247   2574.2528    0.3716 0.0730 0.3908
MAU2 2023 116  -1221.9155    547.2006   2575.4759    0.3807 0.0736 0.4112
MAU2 2023 117  -1220.6817    547.7669   2576.1974    0.3968 0.0761 0.4270
MAU2 2023 118  -1217.3896    550.3873   2580.9629    0.4228 0.0816 0.4501
MAU2 2023 119  -1220.3153    543.5139   2565.3453    0.4667 0.0914 0.4893
MAU2 2023 120  -1222.4277    542.8053   2573.1175    0.4057 0.0788 0.4321
MAU2 2023 121  -1219.1660    544.9695   2577.6679    0.3654 0.0682 0.3981
MAU2 2023 122  -1218.1868    543.8693   2576.7968    0.3698 0.0697 0.3931
MAU2 2023 124  -1221.1172    545.2429   2582.5601    0.3883 0.0742 0.4264
MAU2 2023 125  -1223.5167    544.9557   2586.1882    0.4003 0.0758 0.4396
MAU2 2023 127  -1223.2268    545.6404   2580.2624    0.3866 0.0734 0.4223
MAU2 2023 128  -1222.0868    545.9826   2578.6438    0.3651 0.0713 0.4015
MAU2 2023 129  -1223.1484    547.6279   2581.5214    0.3662 0.0707 0.4048
MAU2 2023 130  -1222.9357    546.8005   2579.5450    0.3701 0.0721 0.4017
MAU2 2023 133  -1226.1593    546.8450   2582.7735    0.3605 0.0693 0.3952
MAU2 2023 134  -1225.4891    547.4903   2583.8530    0.3540 0.0672 0.3864
MAU2 2023 135  -1224.3452    549.1004   2584.8829    0.3611 0.0690 0.3929
MAU2 2023 136  -1225.3958    551.2297   2584.5021    0.3542 0.0687 0.3871
MAU2 2023 137  -1225.5540    547.1523   2586.5393    0.3650 0.0703 0.4065
MAU2 2023 138  -1226.8478    546.0627   2591.8426    0.3751 0.0713 0.4089
MAU2 2023 139  -1228.3355    545.7876   2590.4037    0.3680 0.0701 0.3988
MAU2 2023 140  -1228.5287    546.5931   2590.5772    0.3555 0.0715 0.3996
MAU2 2023 141  -1233.8806    546.0204   2594.9091    0.3794 0.0722 0.4204
MAU2 2023 142  -1228.8763    545.4140   2593.4322    0.3848 0.0723 0.4244
MAU2 2023 143  -1228.3189    549.2036   2592.1974    0.3957 0.0761 0.4336
MAU2 2023 144  -1227.6596    543.7596   2591.1530    0.3918 0.0761 0.4293
MAU2 2023 145  -1225.9429    546.0973   2593.8994    0.3904 0.0750 0.4350
MAU2 2023 146  -1228.4631    546.7125   2586.9579    0.4212 0.0823 0.4568
MAU2 2023 147  -1230.3308    548.3224   2591.6269    0.3960 0.0784 0.4188
MAU2 2023 148  -1229.4892    547.0795   2593.9873    0.3551 0.0693 0.3948
MAU2 2023 149  -1230.3260    547.4721   2590.9934    0.3576 0.0685 0.3925
MAU2 2023 150  -1233.5826    549.2631   2599.8624    0.3774 0.0701 0.4096
MAU2 2023 151  -1232.2398    545.6059   2597.6810    0.4047 0.0745 0.4325
MAU2 2023 152  -1229.8882    547.7278   2599.5052    0.3677 0.0692 0.4011
MAU2 2023 153  -1227.7211    548.6513   2594.6667    0.4090 0.0747 0.4531
MAU2 2023 154  -1227.0099    546.1238   2595.5814    0.3931 0.0735 0.4239
MAU2 2023 155  -1231.3775    547.2468   2598.9136    0.3555 0.0673 0.3822
MAU2 2023 156  -1231.4234    547.8034   2599.9303    0.3603 0.0677 0.4012
MAU2 2023 157  -1237.4302    552.6048   2606.2040    0.3825 0.0713 0.4217
MAU2 2023 158  -1236.7976    552.4553   2600.6741    0.3859 0.0720 0.4221
MAU2 2023 159  -1232.7194    547.8839   2603.5086    0.4428 0.0845 0.4782
MAU2 2023 160  -1232.5778    546.1200   2597.5352    0.3946 0.0760 0.4291
MAU2 2023 161  -1230.8585    547.2131   2604.0894    0.3795 0.0709 0.4169
MAU2 2023 162  -1231.6906    546.7299   2601.5095    0.3657 0.0701 0.3906
MAU2 2023 163  -1232.0157    547.0446   2600.6915    0.3675 0.0703 0.3905
MAU2 2023 164  -1232.9256    548.3268   2606.2503    0.3514 0.0657 0.3881
MAU2 2023 165  -1232.8991    548.7217   2604.9492    0.3517 0.0654 0.3856
MAU2 2023 166  -1233.3103    548.4333   2605.9931    0.3449 0.0631 0.3773
MAU2 2023 167  -1231.9072    549.0690   2605.8759    0.3447 0.0641 0.3768
MAU2 2023 168  -1233.1584    549.6430   2604.8582    0.3391 0.0631 0.3756
MAU2 2023 169  -1234.3919    550.6787   2613.6708    0.3481 0.0637 0.3886
MAU2 2023 170  -1233.8754    548.3135   2611.4721    0.3579 0.0660 0.3916
MAU2 2023 171  -1235.5199    550.7657   2612.9639    0.3863 0.0719 0.4213
MAU2 2023 172  -1241.3494    549.6892   2611.7690    0.3679 0.0672 0.4128
MAU2 2023 173  -1240.7484    551.1292   2611.6455    0.4082 0.0767 0.4561
MAU2 2023 174  -1239.0864    548.2916   2610.9878    0.3724 0.0691 0.4138
MAU2 2023 175  -1235.4967    548.2913   2606.7111    0.4004 0.0739 0.4397
MAU2 2023 176  -1237.4585    549.1520   2608.2841    0.4185 0.0786 0.4653
MAU2 2023 177  -1236.0924    550.7744   2610.7895    0.3967 0.0738 0.4394
MAU2 2023 178  -1236.8343    549.2146   2608.8417    0.4066 0.0766 0.4417
MAU2 2023 179  -1238.6761    550.8746   2612.5993    0.3803 0.0728 0.4132
MAU2 2023 180  -1240.6583    550.9122   2613.7884    0.3626 0.0661 0.4068
MAU2 2023 181  -1242.0610    550.7340   2616.2521    0.3774 0.0695 0.4190
MAU2 2023 182  -1239.0482    551.4567   2616.9859    0.3661 0.0669 0.4068
MAU2 2023 183  -1238.8045    550.6146   2612.2158    0.3794 0.0703 0.4234
MAU2 2023 184  -1238.3386    547.5517   2612.0210    0.4056 0.0728 0.4561
MAU2 2023 185  -1237.3171    551.2454   2619.9516    0.3872 0.0715 0.4368
MAU2 2023 186  -1241.5387    554.3008   2609.8169    0.3770 0.0701 0.4172
MAU2 2023 187  -1243.4961    550.8667   2619.8672    0.3767 0.0717 0.4146
MAU2 2023 188  -1241.1572    552.6320   2622.1641    0.3733 0.0668 0.4191
MAU2 2023 189  -1242.3642    552.2184   2620.0448    0.3836 0.0727 0.4274
MAU2 2023 190  -1244.0646    552.1558   2613.2524    0.3791 0.0715 0.4218
MAU2 2023 191  -1240.3898    552.8974   2619.1557    0.3690 0.0704 0.4047
MAU2 2023 192  -1240.3451    552.4594   2619.2728    0.3701 0.0693 0.4117
MAU2 2023 193  -1242.1030    553.0407   2619.0439    0.3656 0.0694 0.4045
MAU2 2023 194  -1241.6999    551.7554   2620.1655    0.3649 0.0690 0.3982
MAU2 2023 195  -1244.1047    552.1752   2622.7227    0.3816 0.0721 0.4216
MAU2 2023 196  -1246.7676    552.3058   2618.2789    0.3672 0.0682 0.4084
MAU2 2023 197  -1245.7501    554.1121   2617.7759    0.3569 0.0678 0.3975
MAU2 2023 198  -1249.3024    554.3819   2619.1309    0.3675 0.0690 0.4079
MAU2 2023 199  -1249.6565    553.4086   2622.7852    0.3758 0.0707 0.4151
MAU2 2023 200  -1248.3881    554.8068   2627.6153    0.3987 0.0720 0.4467
MAU2 2023 201  -1247.1081    555.0742   2632.9380    0.3995 0.0758 0.4472
MAU2 2023 202  -1246.9222    553.7131   2623.6559    0.4123 0.0791 0.4500
MAU2 2023 203  -1247.4790    553.3249   2625.1037    0.3939 0.0753 0.4323
MAU2 2023 204  -1249.0715    554.7897   2631.0533    0.3774 0.0703 0.4177
MAU2 2023 205  -1250.3600    555.7174   2624.5279    0.3753 0.0719 0.4143
MAU2 2023 206  -1248.5770    555.8343   2625.0757    0.4084 0.0775 0.4497
MAU2 2023 207  -1248.9287    555.7927   2624.8716    0.3762 0.0705 0.4126
MAU2 2023 208  -1252.1855    556.0748   2625.2726    0.3683 0.0663 0.4078
MAU2 2023 209  -1246.8893    557.1166   2628.3701    0.3757 0.0712 0.4147
MAU2 2023 210  -1253.3923    557.0596   2626.0479    0.3788 0.0718 0.4102
MAU2 2023 211  -1251.5846    558.2063   2631.7345    0.3705 0.0660 0.4079
MAU2 2023 212  -1251.5383    555.2947   2637.1023    0.3804 0.0694 0.4213
MAU2 2023 213  -1252.8738    551.7830   2631.8848    0.3955 0.0727 0.4382
MAU2 2023 214  -1252.5614    557.2720   2636.7734    0.3690 0.0679 0.4054
MAU2 2023 215  -1252.8140    558.0686   2633.7827    0.3541 0.0644 0.3913
MAU2 2023 216  -1253.2743    556.0991   2635.7825    0.3433 0.0642 0.3866
MAU2 2023 217  -1249.4339    556.8343   2638.7090    0.3925 0.0856 0.4349
MAU2 2023 218  -1251.2547    555.9372   2636.9926    0.3585 0.0692 0.3884
MAU2 2023 219  -1251.8730    556.5172   2634.6374    0.3504 0.0691 0.3849
MAU2 2023 220  -1252.3595    557.5245   2638.0267    0.3512 0.0668 0.3846
MAU2 2023 221  -1255.5348    559.6937   2642.1776    0.3695 0.0714 0.4041
MAU2 2023 222  -1257.1053    557.6544   2635.4955    0.4079 0.0777 0.4427
MAU2 2023 223  -1256.2726    556.3122   2634.3441    0.3742 0.0709 0.4086
MAU2 2023 224  -1254.5938    558.2922   2638.2633    0.3634 0.0683 0.4013
MAU2 2023 225  -1256.7936    560.4838   2643.4270    0.3595 0.0681 0.3924
MAU2 2023 226  -1258.4326    559.6263   2639.8188    0.3614 0.0694 0.3910
MAU2 2023 227  -1257.9350    558.1304   2641.5403    0.3569 0.0681 0.3880
MAU2 2023 228  -1257.2401    555.0524   2639.3532    0.3646 0.0689 0.3972
MAU2 2023 229  -1257.9376    558.6502   2637.9178    0.3893 0.0746 0.4244
MAU2 2023 230  -1262.2906    560.0259   2639.5946    0.3885 0.0741 0.4190
MAU2 2023 231  -1260.4368    560.8956   2647.9072    0.3910 0.0745 0.4220
MAU2 2023 232  -1260.3468    560.9338   2643.9921    0.4528 0.0857 0.4971
MAU2 2023 233  -1261.4469    558.4971   2647.4999    0.4743 0.0906 0.5123
MAU2 2023 234  -1261.5082    556.5028   2652.4348    0.4328 0.0882 0.4641
MAU2 2024 020  -1308.5375    586.4012   2778.8888    0.5753 0.0996 0.6385
MAU2 2024 021  -1310.8186    587.9129   2778.9885    0.4113 0.0781 0.4520
MAU2 2024 022  -1313.6434    584.4406   2795.7678    0.4169 0.0823 0.4668
MAU2 2024 023  -1311.7910    585.5838   2793.0320    0.4158 0.0762 0.4722
MAU2 2024 024  -1312.1737    585.6543   2792.9736    0.3840 0.0752 0.4312
MAU2 2024 025  -1310.3911    586.0507   2790.0195    0.3913 0.0709 0.4369
MAU2 2024 026  -1313.0797    586.7802   2793.3369    0.3947 0.0707 0.4440
MAU2 2024 027  -1311.1362    586.0637   2784.2948    0.4082 0.0758 0.4616
MAU2 2024 028  -1314.2784    587.2857   2782.8922    0.4446 0.0843 0.4908
MAU2 2024 029  -1312.4903    585.9245   2790.1176    0.4048 0.0782 0.4519
MAU2 2024 030  -1315.5498    586.3341   2795.2454    0.3930 0.0787 0.4433
MAU2 2024 031  -1313.9626    585.2866   2796.7047    0.3849 0.0718 0.4403
MAU2 2024 032  -1313.5292    585.3259   2797.2999    0.4402 0.0875 0.4919
MAU2 2024 033  -1317.2837    586.9044   2793.4907    0.4249 0.0855 0.4798
MAU2 2024 034  -1315.6577    586.7023   2796.1141    0.3950 0.0785 0.4448
MAU2 2024 035  -1314.7362    587.3674   2801.3346    0.3787 0.0727 0.4221
MAU2 2024 036  -1317.6152    588.5641   2796.7455    0.3976 0.0803 0.4399
MAU2 2024 037  -1315.4531    589.1697   2800.0408    0.4242 0.0834 0.4699
MAU2 2024 038  -1319.4424    588.6853   2800.5042    0.4415 0.0984 0.4962
MAU2 2024 039  -1316.1309    588.7426   2808.8850    0.4033 0.0815 0.4647
MAU2 2024 040  -1317.2459    590.3738   2802.7784    0.4680 0.0933 0.5306
MAU2 2024 041  -1320.1450    591.5696   2804.8756    0.4592 0.0932 0.5131
MAU2 2024 042  -1322.5333    592.3223   2801.0031    0.4210 0.0848 0.4740
MAU2 2024 043  -1318.3338    590.5950   2803.4465    0.4144 0.0790 0.4622
MAU2 2024 044  -1317.3046    589.6857   2804.8597    0.3844 0.0756 0.4292
MAU2 2024 045  -1317.9983    590.8214   2809.6551    0.3670 0.0703 0.4032
MAU2 2024 046  -1321.0374    590.3507   2806.9210    0.3796 0.0761 0.4237
MAU2 2024 047  -1321.2714    591.8586   2810.2683    0.3791 0.0709 0.4227
MAU2 2024 048  -1318.9771    592.7804   2808.1921    0.4185 0.0878 0.4586
MAU2 2024 049  -1319.1325    590.8148   2805.4160    0.3855 0.0762 0.4200
MAU2 2024 050  -1322.7610    591.1677   2808.7606    0.3938 0.0802 0.4355
MAU2 2024 051  -1318.9994    591.7466   2812.3418    0.3919 0.0735 0.4348
MAU2 2024 052  -1323.9514    590.3377   2809.3007    0.4128 0.0778 0.4530
MAU2 2024 053  -1325.3788    592.4380   2804.1924    0.4488 0.0940 0.4938
MAU2 2024 054  -1323.3612    588.4565   2803.2274    0.4043 0.0857 0.4550
MAU2 2024 055  -1322.7484    590.4717   2810.6926    0.3969 0.0788 0.4551
MAU2 2024 056  -1323.5100    588.8163   2805.6765    0.3970 0.0806 0.4461
MAU2 2024 057  -1321.7767    590.5037   2807.7457    0.3738 0.0718 0.4165
MAU2 2024 058  -1323.2515    590.8381   2812.4698    0.3792 0.0767 0.4256
MAU2 2024 059  -1322.8697    591.1505   2812.9808    0.3878 0.0749 0.4330
MAU2 2024 060  -1323.7090    590.4643   2811.2230    0.3816 0.0782 0.4214
MAU2 2024 061  -1325.3402    591.7146   2816.9375    0.3879 0.0796 0.4202
MAU2 2024 062  -1325.3453    590.6352   2817.4553    0.3736 0.0768 0.4150
MAU2 2024 063  -1324.6362    591.1241   2814.1479    0.3493 0.0668 0.3896
MAU2 2024 064  -1324.4188    592.4086   2819.3288    0.3415 0.0649 0.3760
MAU2 2024 065  -1323.7910    590.9328   2815.1037    0.3622 0.0690 0.3986
MAU2 2024 066  -1325.8595    592.9133   2815.7259    0.3569 0.0694 0.4008
MAU2 2024 067  -1326.0845    593.6698   2823.2182    0.3739 0.0726 0.4184
MAU2 2024 068  -1329.2107    594.6532   2824.7183    0.3967 0.0743 0.4444
MAU2 2024 069  -1332.9451    593.2344   2819.3265    0.3770 0.0728 0.4145
MAU2 2024 070  -1325.5364    590.6903   2822.8577    0.3619 0.0687 0.4074
MAU2 2024 071  -1328.9765    591.9750   2827.4134    0.3760 0.0698 0.4240
MAU2 2024 072  -1328.3523    590.8133   2826.5591    0.4227 0.0806 0.4711
MAU2 2024 073  -1331.3553    592.6977   2823.7419    0.3807 0.0722 0.4195
MAU2 2024 074  -1328.3665    591.7560   2825.3594    0.3794 0.0745 0.4239
MAU2 2024 075  -1329.7843    592.8455   2830.3606    0.3492 0.0675 0.3883
MAU2 2024 076  -1330.4331    592.8237   2826.4313    0.3800 0.0800 0.4123
MAU2 2024 077  -1332.6595    593.8240   2817.7234    1.8914 0.3991 2.0104
MAU2 2024 078  -1335.1925    595.4982   2829.3182    0.3551 0.0694 0.3941
MAU2 2024 079  -1330.9209    594.0848   2829.8967    0.3823 0.0718 0.4236
MAU2 2024 080  -1334.8863    594.3365   2836.4165    0.4007 0.0771 0.4399
MAU2 2024 081  -1337.5302    596.8637   2825.1841    0.3842 0.0738 0.4213
MAU2 2024 082  -1333.7788    596.3617   2826.7190    0.3828 0.0734 0.4194
MAU2 2024 083  -1335.6230    595.7141   2830.3936    0.4199 0.0812 0.4597
MAU2 2024 084  -1330.0630    593.9099   2826.4131    0.3560 0.0676 0.3898
MAU2 2024 085  -1331.7377    593.2144   2832.1899    0.3617 0.0701 0.3864
MAU2 2024 086  -1331.3046    595.1859   2835.1256    0.3737 0.0717 0.4141
MAU2 2024 087  -1333.5621    594.4621   2828.1975    0.3692 0.0701 0.4074
MAU2 2024 088  -1331.6382    595.2340   2833.5277    0.3660 0.0709 0.3977
MAU2 2024 089  -1333.1611    595.3690   2833.5537    0.3799 0.0726 0.4084
MAU2 2024 090  -1333.6346    598.9929   2831.1380    0.3571 0.0688 0.3894
MAU2 2024 091  -1336.8723    597.9204   2832.5513    0.3559 0.0687 0.3881
MAU2 2024 092  -1337.8887    595.1024   2832.6191    0.3603 0.0724 0.3886
MAU2 2024 093  -1337.5363    596.9295   2834.9806    0.4133 0.0824 0.4371
MAU2 2024 094  -1338.9492    595.8715   2833.8205    0.3844 0.0750 0.4206
MAU2 2024 095  -1339.6630    594.5250   2838.1523    0.3613 0.0676 0.3939
MAU2 2024 096  -1334.6026    595.3353   2837.1499    0.3753 0.0711 0.4019
MAU2 2024 097  -1333.7387    597.4004   2835.3471    0.3686 0.0708 0.4008
MAU2 2024 098  -1335.8176    593.4763   2832.3766    0.3554 0.0684 0.3911
MAU2 2024 099  -1336.9059    596.6708   2838.4461    0.3786 0.0704 0.4160
MAU2 2024 100  -1337.8993    595.8958   2834.5114    0.3661 0.0696 0.3949
MAU2 2024 101  -1338.2180    593.5840   2837.7353    0.3637 0.0731 0.3876
MAU2 2024 102  -1338.1071    594.2685   2840.9564    0.3527 0.0678 0.3860
MAU2 2024 103  -1338.5164    594.7902   2836.8498    0.3540 0.0673 0.3837
MAU2 2024 104  -1340.2783    592.6734   2840.1652    0.3751 0.0725 0.4033
MAU2 2024 105  -1339.0308    597.3810   2839.3029    0.3861 0.0744 0.4147
MAU2 2024 106  -1338.8664    596.9669   2839.7449    0.3880 0.0761 0.4203
MAU2 2024 107  -1340.4092    596.5517   2836.0120    0.4024 0.0818 0.4397
MAU2 2024 108  -1336.5046    594.4450   2836.4619    0.3770 0.0735 0.4014
MAU2 2024 109  -1337.6377    597.6991   2842.6636    0.3916 0.0758 0.4193
MAU2 2024 110  -1340.8085    598.6379   2856.0751    0.4103 0.0804 0.4503
MAU2 2024 111  -1338.8592    601.3591   2854.1720    0.3865 0.0754 0.4176
MAU2 2024 112  -1340.4994    598.0042   2843.8298    0.4028 0.0784 0.4337
MAU2 2024 113  -1342.4036    596.7993   2842.0830    0.4124 0.0776 0.4486
MAU2 2024 114  -1341.9189    597.0073   2842.1758    0.3843 0.0741 0.4204
MAU2 2024 115  -1338.0323    598.3123   2849.2716    0.3777 0.0726 0.4168
MAU2 2024 116  -1340.3381    594.8437   2847.0820    0.4252 0.0823 0.4567
MAU2 2024 117  -1342.4316    594.8592   2839.1289    0.4097 0.0815 0.4384
MAU2 2024 118  -1342.1738    596.4593   2843.3844    0.3873 0.0761 0.4246
MAU2 2024 119  -1345.2369    597.2288   2847.5332    0.4035 0.0787 0.4392
MAU2 2024 120  -1344.5723    596.4699   2845.9390    0.4349 0.0896 0.4727
MAU2 2024 121  -1342.2926    596.2655   2844.2412    0.4198 0.0850 0.4546
MAU2 2024 122  -1343.1092    596.9590   2842.1169    0.3824 0.0756 0.4143
MAU2 2024 123  -1340.6867    597.3433   2846.5164    0.3904 0.0789 0.4284
MAU2 2024 124  -1345.8275    596.0059   2845.0581    0.3906 0.0764 0.4138
MAU2 2024 125  -1343.3324    593.9747   2851.2347    0.4101 0.0836 0.4373
MAU2 2024 126  -1344.6448    593.2841   2849.8956    0.3746 0.0719 0.4134
MAU2 2024 127  -1341.9646    591.6788   2844.1160    0.3868 0.0750 0.4253
MAU2 2024 128  -1342.2022    595.9033   2848.2466    0.3842 0.0756 0.4169
MAU2 2024 129  -1341.6269    596.9830   2847.5563    0.3624 0.0691 0.3890
MAU2 2024 130  -1341.8711    597.0126   2853.4410    0.3624 0.0712 0.3955
MAU2 2024 131  -1342.1560    598.2505   2854.4607    0.3957 0.0755 0.4321
MAU2 2024 132  -1345.2613    599.1112   2857.6531    0.4117 0.0795 0.4401
MAU2 2024 133  -1343.6410    597.4016   2850.8476    0.3615 0.0728 0.3823
MAU2 2024 134  -1343.8951    598.2984   2851.9781    0.3531 0.0685 0.3845
MAU2 2024 135  -1343.6399    599.0041   2851.1061    0.3499 0.0696 0.3814
MAU2 2024 136  -1344.0609    599.3913   2853.9178    0.3532 0.0686 0.3797
MAU2 2024 137  -1344.1100    599.4360   2853.6312    0.3552 0.0686 0.3785
MAU2 2024 138  -1344.5087    598.9844   2854.6323    0.3538 0.0695 0.3816
MAU2 2024 139  -1343.2953    599.5844   2855.4827    0.3619 0.0684 0.3911
MAU2 2024 140  -1348.1877    600.0214   2854.5955    0.3698 0.0709 0.3938
MAU2 2024 141  -1346.7018    597.1432   2856.7995    0.3881 0.0781 0.4144
MAU2 2024 142  -1347.2530    598.3824   2858.4760    0.3605 0.0676 0.3979
MAU2 2024 143  -1349.4002    597.8551   2855.5466    0.3540 0.0703 0.3859
MAU2 2024 144  -1347.9606    599.1153   2857.6918    0.3424 0.0654 0.3740
MAU2 2024 145  -1346.7307    600.1880   2855.9457    0.3447 0.0660 0.3715
MAU2 2024 146  -1346.8410    600.1272   2859.4090    0.3470 0.0658 0.3845
MAU2 2024 147  -1347.0883    600.3440   2861.1464    0.3568 0.0673 0.3956
MAU2 2024 148  -1346.5447    600.2333   2855.8259    0.3576 0.0713 0.3874
MAU2 2024 149  -1350.6913    601.3505   2858.4216    0.3890 0.0801 0.4208
MAU2 2024 150  -1351.3421    601.7371   2867.6917    0.4162 0.0818 0.4659
MAU2 2024 151  -1351.3835    598.2072   2854.8487    0.3742 0.0734 0.4150
MAU2 2024 152  -1352.0102    599.9655   2863.7712    0.3982 0.0743 0.4383
MAU2 2024 153  -1351.2098    599.8534   2857.8379    0.3861 0.0747 0.4279
MAU2 2024 154  -1351.1545    600.3344   2860.3207    0.3551 0.0657 0.3937
MAU2 2024 155  -1351.6357    601.9989   2864.6846    0.3783 0.0706 0.4246
MAU2 2024 156  -1352.0726    603.4590   2870.3232    0.4294 0.0834 0.4740
MAU2 2024 157  -1350.4534    598.1385   2856.2294    0.4195 0.0825 0.4658
MAU2 2024 158  -1350.6928    599.1505   2864.1278    0.4575 0.0882 0.5152
MAU2 2024 159  -1350.9424    600.5452   2868.4496    0.3785 0.0711 0.4216
MAU2 2024 160  -1355.6220    604.1642   2870.6731    0.3771 0.0698 0.4158
MAU2 2024 161  -1353.1150    604.0185   2863.1281    0.3945 0.0751 0.4326
MAU2 2024 162  -1349.3412    600.9061   2864.5648    0.3908 0.0740 0.4335
MAU2 2024 163  -1348.2466    600.0305   2867.3059    0.3868 0.0728 0.4258
MAU2 2024 164  -1352.0375    600.8964   2864.0745    0.3734 0.0734 0.4040
MAU2 2024 165  -1353.4889    600.4744   2870.9485    0.4050 0.0793 0.4380
MAU2 2024 166  -1355.3641    601.0689   2866.4432    0.3889 0.0729 0.4306
MAU2 2024 167  -1357.1497    603.7650   2862.4860    0.3705 0.0709 0.4088
MAU2 2024 168  -1354.1794    601.9751   2859.8574    0.3654 0.0689 0.4019
MAU2 2024 169  -1354.2345    601.1597   2864.7288    0.4012 0.0749 0.4409
MAU2 2024 170  -1354.0500    601.0945   2865.7080    0.3939 0.0717 0.4401
MAU2 2024 171  -1354.8269    601.6102   2864.5464    0.3808 0.0690 0.4249
MAU2 2024 172  -1353.6018    603.0904   2865.7260    0.3965 0.0740 0.4365
MAU2 2024 173  -1356.0352    601.5046   2864.3762    0.3829 0.0711 0.4189
MAU2 2024 174  -1354.2816    601.5819   2865.0570    0.3890 0.0675 0.4325
MAU2 2024 175  -1358.0227    603.7568   2863.6660    0.3735 0.0681 0.4109
MAU2 2024 176  -1354.8262    602.0767   2863.9740    0.3796 0.0695 0.4166
MAU2 2024 177  -1353.4668    604.0828   2866.1003    0.3817 0.0705 0.4140
MAU2 2024 178  -1359.1003    604.3385   2861.2393    0.4159 0.0768 0.4586
MAU2 2024 179  -1355.2830    604.2851   2863.1902    0.4636 0.0932 0.5134
MAU2 2024 180  -1356.2674    602.0560   2859.9766    0.4451 0.0877 0.4810
MAU2 2024 181  -1357.3222    601.5466   2866.1442    0.4510 0.0931 0.4926
MAU2 2024 182  -1358.3519    602.0482   2867.0395    0.4445 0.0807 0.4910
MAU2 2024 183  -1360.2803    601.8267   2860.0281    0.4318 0.0848 0.4774
MAU2 2024 184  -1358.1251    599.2840   2855.4890    0.4633 0.0894 0.5102
MAU2 2024 185  -1355.8313    600.3879   2869.1286    0.4214 0.0814 0.4659
MAU2 2024 186  -1355.1197    603.2615   2868.8829    0.4144 0.0732 0.4630
MAU2 2024 187  -1354.4265    603.7775   2870.8609    0.4294 0.0808 0.4777
MAU2 2024 188  -1356.9989    602.8063   2868.5031    0.4234 0.0823 0.4620
MAU2 2024 189  -1354.4537    603.3212   2870.2698    0.4282 0.0798 0.4685
MAU2 2024 190  -1355.3918    605.7836   2870.2610    0.4119 0.0744 0.4530
MAU2 2024 191  -1356.9433    604.8278   2870.3247    0.4189 0.0805 0.4582
MAU2 2024 192  -1358.3348    604.6950   2871.8641    0.4384 0.0845 0.4772
MAU2 2024 193  -1354.6370    604.5948   2873.4382    0.4122 0.0790 0.4501
MAU2 2024 194  -1354.7707    605.3455   2873.1341    0.4029 0.0728 0.4429
MAU2 2024 195  -1355.0892    605.6338   2874.8686    0.3957 0.0726 0.4319
MAU2 2024 196  -1356.2113    606.5840   2874.6290    0.4026 0.0753 0.4319
MAU2 2024 197  -1358.8659    605.7417   2871.9723    0.4043 0.0745 0.4394
MAU2 2024 198  -1359.3979    605.5624   2875.6278    0.3982 0.0706 0.4345
MAU2 2024 199  -1360.3635    606.8918   2880.7339    0.4009 0.0725 0.4384
MAU2 2024 200  -1362.9294    602.3999   2869.2138    0.4077 0.0723 0.4449
MAU2 2024 201  -1357.2232    606.1772   2875.5523    0.3993 0.0712 0.4388
MAU2 2024 202  -1358.2300    607.2049   2875.1473    0.4148 0.0745 0.4608
MAU2 2024 203  -1356.8045    606.0802   2879.4625    0.3903 0.0708 0.4309
MAU2 2024 204  -1359.8836    605.3298   2880.4354    0.4059 0.0766 0.4385
MAU2 2024 205  -1358.7058    604.7591   2881.4384    0.4016 0.0764 0.4390
MAU2 2024 206  -1362.0870    605.9848   2882.4101    0.4046 0.0744 0.4400
MAU2 2024 207  -1361.8621    605.7445   2878.9468    0.4212 0.0805 0.4566
MAU2 2024 208  -1366.1226    604.6601   2872.3575    0.4029 0.0764 0.4343
MAU2 2024 209  -1359.5073    606.3289   2878.3332    0.3867 0.0721 0.4205
MAU2 2024 210  -1358.3493    604.9891   2878.0156    0.3815 0.0716 0.4180
MAU2 2024 211  -1358.2145    604.8619   2879.4766    0.3807 0.0707 0.4127
MAU2 2024 212  -1362.5426    605.4837   2883.5069    0.4080 0.0771 0.4361
MAU2 2024 213  -1363.1226    607.3644   2889.7853    0.4371 0.0815 0.4782
MAU2 2024 214  -1360.6946    608.3858   2883.8537    0.4038 0.0740 0.4381
MAU2 2024 215  -1360.3049    605.5267   2883.6252    0.4780 0.0908 0.5160
MAU2 2024 216  -1367.6148    605.6230   2877.6957    0.4231 0.0781 0.4495
MAU2 2024 217  -1363.8958    607.4118   2885.7656    0.4303 0.0768 0.4720
MAU2 2024 218  -1360.4844    607.8968   2882.6448    0.4307 0.0787 0.4730
MAU2 2024 219  -1360.6428    605.9142   2881.5647    0.4281 0.0798 0.4615
MAU2 2024 220  -1361.3753    605.8593   2883.0231    0.4113 0.0793 0.4403
MAU2 2024 221  -1361.6468    607.4101   2883.1441    0.4426 0.0865 0.4728
MAU2 2024 222  -1361.8528    607.6825   2881.9297    0.4522 0.0871 0.4866
MAU2 2024 223  -1367.0876    606.6320   2881.0925    0.4358 0.0855 0.4606
MAU2 2024 224  -1365.2130    606.3123   2881.1354    0.4301 0.0832 0.4514
MAU2 2024 225  -1361.9861    606.2902   2884.9987    0.4770 0.1015 0.5165
MAU2 2024 226  -1362.1399    607.5712   2887.5985    0.4238 0.0775 0.4616
MAU2 2024 227  -1362.6162    602.6502   2889.1545    0.4249 0.0783 0.4529
MAU2 2024 228  -1362.7513    605.3109   2888.1752    0.4732 0.0881 0.5068
MAU2 2024 229  -1362.5693    604.3071   2889.9351    0.4509 0.0847 0.4904
MAU2 2024 230  -1363.7910    606.4764   2890.1850    0.4160 0.0801 0.4521
MAU2 2024 231  -1365.5404    606.1661   2889.8201    0.4226 0.0804 0.4534
MAU2 2024 232  -1366.8015    605.9545   2887.6039    0.4275 0.0830 0.4555
MAU2 2024 233  -1364.0927    607.3369   2892.3313    0.4183 0.0794 0.4547
MAU2 2024 234  -1364.9772    607.2967   2889.3555    0.4272 0.0817 0.4686
MAU2 2024 235  -1365.8079    607.6485   2889.4971    0.4049 0.0771 0.4431
MAU2 2024 236  -1367.6264    607.9891   2886.4483    0.4148 0.0792 0.4486
MAU2 2024 237  -1366.3213    610.4980   2886.9376    0.4401 0.0868 0.4789
MAU2 2024 238  -1365.3496    609.6524   2888.3507    0.4268 0.0817 0.4626
MAU2 2024 239  -1370.0554    608.1651   2887.5717    0.4471 0.0857 0.4774
MAU2 2024 240  -1368.7256    608.9085   2887.1871    0.4101 0.0819 0.4360
MAU2 2024 241  -1367.7908    609.2132   2889.5204    0.4341 0.0853 0.4770
MAU2 2024 242  -1366.8612    606.7256   2895.8817    0.3821 0.0687 0.4209
MAU2 2024 243  -1364.1373    607.2846   2891.1368    0.4222 0.0784 0.4548
MAU2 2024 244  -1367.9918    609.9669   2892.6493    0.3953 0.0761 0.4361
MAU2 2024 245  -1370.2303    608.7695   2896.2337    0.4206 0.0794 0.4643
MAU2 2024 246  -1373.2980    605.3658   2890.6338    0.4566 0.0858 0.5053
MAU2 2024 247  -1369.6978    607.9293   2891.3060    0.4038 0.0811 0.4400
MAU2 2024 248  -1370.1271    609.8725   2892.9094    0.4120 0.0827 0.4472
MAU2 2024 249  -1370.2913    610.7825   2898.7726    0.4013 0.0761 0.4422
MAU2 2024 250  -1370.5120    607.0360   2896.8919    0.3863 0.0761 0.4346
MAU2 2024 251  -1370.0369    609.4241   2900.3698    0.3818 0.0804 0.4119
MAU2 2024 252  -1369.9826    610.0875   2905.2304    0.3936 0.0824 0.4264
MAU2 2024 253  -1371.6441    609.0407   2897.7369    0.3828 0.0814 0.4202
MAU2 2024 254  -1370.4679    606.9523   2898.0838    0.4142 0.0816 0.4420
MAU2 2024 255  -1369.8972    609.1870   2903.0722    0.3886 0.0821 0.4198
MAU2 2024 256  -1371.3633    609.2174   2902.1856    0.4108 0.0816 0.4373
MAU2 2024 257  -1369.4838    608.9585   2909.9104    0.4255 0.0813 0.4757
MAU2 2024 258  -1369.4761    609.1405   2905.2516    0.3751 0.0694 0.4149
MAU2 2024 259  -1367.2738    610.2469   2905.7300    0.3851 0.0728 0.4111
MAU2 2024 260  -1368.5256    610.2888   2908.5454    0.3887 0.0764 0.4198
MAU2 2024 261  -1369.9804    609.3700   2904.8683    0.4855 0.1121 0.5428
MAU2 2024 262  -1371.6652    610.2830   2912.6925    0.3999 0.0733 0.4350
MAU2 2024 263  -1373.9716    607.8820   2908.9451    0.4538 0.0925 0.4889
MAU2 2024 264  -1377.7041    609.3979   2909.9312    0.4219 0.0837 0.4526
MAU2 2024 265  -1373.9832    607.6897   2910.4371    0.4114 0.0749 0.4461
MAU2 2024 266  -1371.7030    607.5687   2910.1283    0.4329 0.0864 0.4755
MAU2 2024 267  -1373.7435    608.2609   2905.7545    0.4271 0.0861 0.4545
MAU2 2024 268  -1376.9725    610.9215   2909.0077    0.4109 0.0832 0.4389
MAU2 2024 269  -1373.0473    609.9254   2908.9969    0.4147 0.0902 0.4548
MAU2 2024 270  -1374.0107    610.1955   2912.7360    0.3854 0.0733 0.4157
MAU2 2024 271  -1378.0364    611.5384   2913.1402    0.4175 0.0872 0.4475
MAU2 2024 272  -1381.9372    611.4184   2912.4453    0.4239 0.0866 0.4424
MAU2 2024 273  -1377.7479    608.8772   2914.1586    0.4071 0.0764 0.4389
MAU2 2024 274  -1378.3516    610.4647   2909.4489    0.4861 0.0921 0.5322
MAU2 2024 275  -1374.2540    608.1686   2906.9039    0.4172 0.0795 0.4440
MAU2 2024 276  -1375.1448    611.2772   2913.0780    0.4083 0.0818 0.4404
MAU2 2024 277  -1375.1418    610.7252   2916.4915    0.3928 0.0756 0.4266
MAU2 2024 278  -1379.5875    614.2623   2915.2637    0.4346 0.0866 0.4754
MAU2 2024 279  -1378.4916    611.0476   2916.8970    0.4035 0.0798 0.4289
MAU2 2024 280  -1381.3716    613.8825   2923.0115    0.4300 0.0896 0.4614
MAU2 2024 281  -1379.8696    612.0816   2922.4719    0.4257 0.0822 0.4614
MAU2 2024 282  -1378.9146    609.6410   2924.8250    0.4088 0.0800 0.4467
MAU2 2024 283  -1377.4795    612.5439   2920.3706    0.4107 0.0828 0.4357
MAU2 2024 284  -1379.8118    613.3286   2916.0305    0.4269 0.0864 0.4527
MAU2 2024 285  -1384.9744    611.1163   2917.4128    0.6285 0.1266 0.6879
MAU2 2024 286  -1382.3487    614.4269   2919.6099    0.4242 0.0838 0.4579
MAU2 2024 287  -1379.2264    612.2349   2921.6998    0.4145 0.0846 0.4485
MAU2 2024 288  -1380.7205    612.2960   2925.6794    0.4200 0.0874 0.4518
MAU2 2024 289  -1380.1191    614.2943   2924.2726    0.3860 0.0712 0.4203
MAU2 2024 290  -1382.1106    615.5649   2928.0387    0.4313 0.0836 0.4842
MAU2 2024 291  -1382.2542    612.8558   2931.5337    0.4236 0.0829 0.4518
MAU2 2024 292  -1380.0523    614.1934   2930.2568    0.4030 0.0769 0.4338
MAU2 2024 293  -1381.3596    614.1085   2932.7135    0.4370 0.0924 0.4856
MAU2 2024 294  -1385.5650    614.9940   2929.6184    0.4263 0.0825 0.4616
MAU2 2024 295  -1379.4878    613.5073   2934.1536    0.4210 0.0890 0.4548
MAU2 2024 296  -1384.6322    616.8409   2938.2202    0.4338 0.0893 0.4607
MAU2 2024 297  -1387.3734    613.8128   2932.7059    11.5687 2.3099 12.5585
MAU2 2024 298  -1382.5062    614.5891   2932.1267    0.4334 0.0877 0.4695
MAU2 2024 299  -1382.5596    615.1902   2930.5305    0.4048 0.0824 0.4273
MAU2 2024 300  -1380.6592    615.8423   2933.6141    0.3835 0.0747 0.4067
MAU2 2024 301  -1382.6177    615.7017   2936.4749    0.3990 0.0808 0.4374
MAU2 2024 302  -1385.1011    616.4691   2937.8946    0.3858 0.0762 0.4144
MAU2 2024 303  -1384.0014    617.0699   2940.0502    10.6848 2.1566 11.5851
MAU2 2024 304  -1383.8995    617.9564   2935.3008    13.6811 2.7465 14.5932
MAU2 2024 305  -1385.0927    616.9830   2938.5661    9.8113 1.9364 10.7394
MAU2 2024 306  -1386.7286    618.8233   2941.4189    9.8192 1.8952 10.6478
MAU2 2024 307  -1385.1129    614.8672   2939.4806    10.5800 2.0938 11.3180
MAU2 2024 308  -1386.4049    615.8283   2944.2600    11.8523 2.2941 12.5592
MAU2 2024 309  -1386.9407    616.9205   2942.1422    21.4053 4.3592 23.1436
MAU2 2024 310  -1385.6948    616.3022   2947.7647    0.4215 0.0875 0.4538
MAU2 2024 311  -1388.0449    617.0175   2944.5893    0.3974 0.0789 0.4242
MAU2 2024 312  -1390.9491    617.3400   2944.4524    0.4314 0.0885 0.4541
MAU2 2024 313  -1387.1422    618.0880   2948.0731    0.4068 0.0785 0.4389
MAU2 2024 314  -1387.0337    621.1285   2951.7144    0.4323 0.0903 0.4643
MAU2 2024 315  -1390.6206    617.5252   2943.8863    0.4195 0.0864 0.4450
MAU2 2024 316  -1388.9564    618.8142   2948.8903    0.4596 0.0877 0.4888
MAU2 2024 317  -1386.2722    618.8310   2958.9159    1.6681 0.3296 1.8200
MAU2 2024 318  -1388.1943    619.6039   2958.8900    0.4133 0.0848 0.4505
MAU2 2024 319  -1390.3100    620.1703   2954.7391    0.4185 0.0861 0.4610
MAU2 2024 320  -1393.5492    620.3271   2957.7352    0.4343 0.0821 0.4666
MAU2 2024 321  -1390.2302    617.8730   2959.2482    0.4066 0.0801 0.4485
MAU2 2024 322  -1393.0171    619.7532   2961.2507    0.4290 0.0851 0.4632
MAU2 2024 323  -1391.7956    617.4120   2957.7391    10.4578 2.0808 11.1777
MAU2 2024 324  -1393.4646    619.7665   2958.5417    0.4171 0.0833 0.4512
MAU2 2024 325  -1392.7694    621.4416   2960.6549    0.4134 0.0828 0.4502
MAU2 2024 326  -1391.7960    621.0229   2961.1073    0.4030 0.0802 0.4301
MAU2 2024 327  -1393.4358    621.5041   2962.1009    0.4356 0.0848 0.4749
MAU2 2024 328  -1395.4845    622.3129   2962.3757    0.4099 0.0795 0.4320
MAU2 2024 329  -1393.0818    619.9091   2961.2083    0.4433 0.0840 0.4847
MAU2 2024 330  -1391.4493    616.6103   2968.9638    0.4245 0.0819 0.4541
MAU2 2024 331  -1392.1597    617.1898   2971.0975    0.4474 0.0906 0.4765
MAU2 2024 332  -1392.9430    620.8935   2971.2209    0.4091 0.0776 0.4407
MAU2 2024 333  -1399.0727    623.5062   2964.1039    0.3936 0.0748 0.4311
MAU2 2024 334  -1393.7688    622.2014   2971.6936    0.4170 0.0773 0.4604
MAU2 2024 335  -1391.0419    621.9440   2971.0434    0.4221 0.0788 0.4621
MAU2 2024 336  -1393.7860    622.5209   2963.3262    0.4174 0.0780 0.4444
MAU2 2024 337  -1393.2893    621.4245   2967.0609    0.4037 0.0770 0.4486
MAU2 2024 338  -1393.7417    623.4281   2968.9228    0.3955 0.0760 0.4338
MAU2 2024 339  -1393.1396    624.2485   2967.3044    0.4011 0.0779 0.4251
MAU2 2024 340  -1392.9041    620.5444   2964.8269    0.4203 0.0830 0.4489
MAU2 2024 341  -1396.8127    622.0799   2967.3148    0.4278 0.0874 0.4780
MAU2 2024 342  -1391.4618    623.9635   2965.1440    0.3931 0.0755 0.4296
MAU2 2024 343  -1391.0802    624.2307   2969.3164    0.4088 0.0822 0.4457
MAU2 2024 344  -1392.0367    623.8291   2969.1791    0.4153 0.0858 0.4426
MAU2 2024 345  -1393.0871    625.5776   2971.6884    0.3807 0.0703 0.4148
MAU2 2024 346  -1392.6988    625.4798   2968.7949    0.4185 0.0844 0.4585
MAU2 2024 347  -1389.3372    625.5575   2966.5702    0.4128 0.0833 0.4422
MAU2 2024 348  -1390.1447    626.3199   2967.8205    0.4375 0.0911 0.4756
MAU2 2024 349  -1387.6756    627.9377   2971.1049    0.4291 0.0834 0.4753
MAU2 2024 350  -1386.3165    628.4235   2976.6379    0.4118 0.0772 0.4566
MAU2 2024 351  -1385.6936    629.8538   2975.3777    0.5788 0.1097 0.6355
MAU2 2024 352  -1386.1453    628.6099   2967.4287    0.4381 0.0833 0.4726
MAU2 2024 353  -1387.2194    628.8146   2971.9623    9.6790 1.7990 10.8181
MAU2 2024 354  -1385.8863    628.3597   2965.1172    0.4144 0.0799 0.4569
MAU2 2024 355  -1387.3052    629.5261   2960.0996    0.4204 0.0801 0.4497
MAU2 2024 356  -1384.6500    631.5705   2960.1453    0.4132 0.0773 0.4467
MAU2 2024 357  -1385.1320    631.5603   2967.3080    0.4060 0.0779 0.4430
MAU2 2024 358  -1386.8010    631.1196   2969.0909    0.4235 0.0817 0.4714
MAU2 2024 359  -1380.1044    631.1339   2965.1622    0.3937 0.0726 0.4274
MAU2 2024 360  -1379.2539    630.1932   2966.8671    0.3991 0.0754 0.4334
MAU2 2024 361  -1381.3740    631.3037   2974.4246    0.4053 0.0760 0.4552
MAU2 2024 362  -1380.4586    631.0648   2965.4501    0.4103 0.0767 0.4471
MAU2 2024 363  -1376.3392    630.9897   2969.6965    0.4269 0.0865 0.4730
MAU2 2024 364  -1380.1431    631.5246   2970.6895    0.4741 0.0930 0.5271
MAU2 2024 365  -1382.3334    631.6499   2969.6425    0.4296 0.0846 0.4830
MAU2 2025 001  -1378.7194    631.5545   2969.2212    0.4013 0.0769 0.4468
MAU2 2025 002  -1381.1444    631.2669   2969.1388    0.3948 0.0751 0.4304
MAU2 2025 003  -1380.2766    633.5827   2970.5526    0.3981 0.0780 0.4509
MAU2 2025 004  -1379.1007    633.6013   2973.7203    0.4142 0.0793 0.4569
MAU2 2025 005  -1380.5072    633.4013   2971.5258    0.4242 0.0836 0.4597
MAU2 2025 006  -1379.1358    632.1881   2978.1852    0.4376 0.0892 0.4840
MAU2 2025 007  -1378.3392    633.6132   2977.8261    0.4227 0.0838 0.4704
MAU2 2025 008  -1378.3714    633.2210   2981.9634    0.4234 0.0820 0.4829
MAU2 2025 009  -1380.6233    633.3631   2973.5468    0.4059 0.0760 0.4528
MAU2 2025 010  -1381.6525    632.9037   2977.5463    0.4072 0.0776 0.4491
MAU2 2025 011  -1381.1429    632.2707   2974.5274    0.3968 0.0748 0.4528
MAU2 2025 012  -1383.5687    635.6060   2983.3048    0.4138 0.0771 0.4649
MAU2 2025 013  -1382.9610    633.3156   2976.1621    0.4102 0.0800 0.4574
MAU2 2025 014  -1380.5185    634.4232   2980.3061    0.4246 0.0835 0.4757
MAU2 2025 015  -1383.2246    633.8844   2982.1309    0.4473 0.0845 0.4923
MAU2 2025 016  -1380.8335    635.6434   2980.8518    0.4281 0.0834 0.4889
MAU2 2025 017  -1379.0207    630.6408   2984.9819    0.4005 0.0781 0.4466
MAU2 2025 018  -1382.0493    633.9931   2987.9164    0.4061 0.0751 0.4454
MAU2 2025 019  -1384.7141    635.7833   2984.2805    0.3974 0.0717 0.4528
MAU2 2025 020  -1380.6033    634.0080   2990.3425    0.4124 0.0767 0.4595
MAU2 2025 021  -1383.2044    635.9956   2982.7916    0.3985 0.0767 0.4375
MAU2 2025 022  -1384.9436    637.1880   2988.1922    0.4093 0.0764 0.4530
MAU2 2025 023  -1385.9974    635.2787   2990.7548    0.4192 0.0816 0.4670
MAU2 2025 024  -1384.6364    637.5142   2991.3757    0.3760 0.0688 0.4225
MAU2 2025 025  -1382.7244    638.4092   2990.8062    0.3757 0.0685 0.4152
MAU2 2025 026  -1388.7188    637.4628   2983.6473    0.4041 0.0738 0.4452
MAU2 2025 027  -1385.2805    636.7006   2987.8118    0.4015 0.0718 0.4535
MAU2 2025 028  -1385.7220    637.7183   2989.4944    0.3935 0.0757 0.4341
MAU2 2025 029  -1387.7299    636.7675   2991.8183    0.3979 0.0783 0.4380
MAU2 2025 030  -1385.4111    637.7312   2993.5133    0.4082 0.0840 0.4481
MAU2 2025 031  -1387.8196    636.2811   2999.6501    0.4106 0.0832 0.4527
MAU2 2025 032  -1386.9360    637.5159   2994.0236    0.3994 0.0792 0.4439
MAU2 2025 033  -1394.8612    638.7755   2991.7110    0.3924 0.0767 0.4197
MAU2 2025 034  -1390.0066    637.4900   2995.2598    0.4080 0.0847 0.4433
MAU2 2025 035  -1390.4514    637.1910   3002.4622    0.3981 0.0823 0.4515
MAU2 2025 036  -1391.0433    635.6394   3000.3854    0.4329 0.0838 0.4699
MAU2 2025 037  -1387.5937    637.2936   2994.6226    0.4037 0.0783 0.4296
MAU2 2025 038  -1390.9231    637.1642   2992.2496    0.4174 0.0814 0.4502
MAU2 2025 039  -1390.8360    637.6969   2999.9295    0.4026 0.0825 0.4480
MAU2 2025 040  -1392.0339    640.5760   3001.8743    0.3947 0.0741 0.4395
MAU2 2025 041  -1391.9411    637.9109   3008.8397    0.4140 0.0770 0.4516
MAU2 2025 042  -1392.8878    637.7116   2998.2343    0.3877 0.0798 0.4278
MAU2 2025 043  -1393.7111    639.9709   3004.5995    0.3868 0.0749 0.4297
MAU2 2025 044  -1392.7700    637.9267   3001.0976    0.3959 0.0783 0.4376
MAU2 2025 045  -1391.3480    636.9558   3006.6553    0.3849 0.0722 0.4185
MAU2 2025 046  -1396.0933    639.1418   2999.9665    0.5266 0.1014 0.5649
MAU2 2025 047  -1394.8465    639.5413   3000.6032    0.3845 0.0752 0.4249
MAU2 2025 048  -1395.8289    638.1707   3006.0123    0.3650 0.0701 0.4036
MAU2 2025 049  -1395.2513    640.0419   3006.6740    0.3978 0.0747 0.4298
MAU2 2025 050  -1394.5868    639.3719   3007.8920    0.3957 0.0773 0.4341
MAU2 2025 051  -1397.9512    640.6795   3012.6707    0.3892 0.0738 0.4344
MAU2 2025 052  -1393.6376    639.3767   3010.8340    0.3951 0.0756 0.4304
MAU2 2025 053  -1395.0161    638.4465   3008.3686    0.4041 0.0749 0.4403
MAU2 2025 054  -1394.4180    639.2782   3013.0295    0.4179 0.0780 0.4521
MAU2 2025 055  -1394.1152    639.3846   3016.9296    0.3987 0.0758 0.4453
MAU2 2025 056  -1395.8840    638.9039   3010.1102    0.3830 0.0714 0.4279
MAU2 2025 057  -1395.4958    640.4219   3015.7602    0.3798 0.0713 0.4173
MAU2 2025 058  -1397.1804    639.6038   3013.4496    0.4065 0.0787 0.4491
MAU2 2025 059  -1396.5094    641.8879   3015.2785    0.4247 0.0792 0.4727
MAU2 2025 060  -1394.8574    638.9962   3015.4177    0.4185 0.0777 0.4581
MAU2 2025 061  -1398.6021    642.5109   3021.5827    0.4121 0.0817 0.4483
MAU2 2025 062  -1399.8159    640.0379   3011.8718    0.4061 0.0812 0.4366
MAU2 2025 063  -1395.2243    639.6431   3015.5324    0.4005 0.0763 0.4417
MAU2 2025 064  -1400.3850    640.6693   3011.5260    0.4002 0.0746 0.4411
MAU2 2025 065  -1396.3357    641.0782   3016.1883    0.4209 0.0842 0.4600
MAU2 2025 066  -1399.8764    641.3989   3010.8092    0.4473 0.0873 0.4979
MAU2 2025 067  -1399.3245    640.4764   3014.0078    0.3782 0.0713 0.4203
MAU2 2025 068  -1397.2561    640.6690   3018.5649    0.3722 0.0698 0.4089
MAU2 2025 069  -1397.8971    641.4218   3014.1527    0.3905 0.0759 0.4280
MAU2 2025 070  -1399.2567    641.4758   3017.0722    0.3732 0.0714 0.4048
MAU2 2025 071  -1399.8830    642.3943   3019.9528    0.3605 0.0683 0.4011
MAU2 2025 072  -1399.2816    643.6712   3020.9029    0.3738 0.0707 0.4129
MAU2 2025 073  -1403.6060    641.3053   3021.0377    0.3909 0.0784 0.4263
MAU2 2025 074  -1401.7878    642.1922   3026.3179    0.3666 0.0676 0.3989
MAU2 2025 075  -1402.2616    644.4559   3021.7999    0.3658 0.0689 0.3992
MAU2 2025 076  -1401.7139    642.9033   3026.0176    0.3737 0.0741 0.4106
MAU2 2025 077  -1403.0263    643.8916   3024.9707    0.3579 0.0691 0.3821
MAU2 2025 078  -1402.9100    644.4687   3029.1273    0.3633 0.0725 0.3841
MAU2 2025 079  -1401.7370    642.8051   3022.3077    0.3791 0.0756 0.4153
MAU2 2025 080  -1404.8957    644.7308   3025.9261    0.3680 0.0718 0.4013
MAU2 2025 081  -1406.9943    645.0484   3024.6194    0.4002 0.0819 0.4227
MAU2 2025 082  -1404.5748    644.8911   3025.8361    0.3801 0.0697 0.4108
MAU2 2025 083  -1403.7784    640.1171   3040.5014    0.4004 0.0745 0.4366
MAU2 2025 084  -1408.6808    642.1588   3030.9376    0.3816 0.0723 0.4147
MAU2 2025 085  -1407.7964    642.7339   3031.4900    0.3769 0.0740 0.4093
MAU2 2025 086  -1409.1594    643.9629   3027.0915    0.3934 0.0793 0.4199
MAU2 2025 087  -1410.0934    645.4101   3031.9316    0.3860 0.0775 0.4223
MAU2 2025 088  -1405.6631    646.4429   3032.1557    0.4752 0.0914 0.5263
MAU2 2025 089  -1409.9165    644.9550   3031.5401    0.4174 0.0833 0.4522
MAU2 2025 090  -1406.5479    644.9912   3032.5270    0.3658 0.0702 0.3963
MAU2 2025 091  -1409.1296    644.6191   3034.7626    0.3579 0.0703 0.3882
MAU2 2025 092  -1410.9290    644.5326   3038.4822    0.3755 0.0754 0.4093
MAU2 2025 093  -1409.7776    642.9331   3032.1643    0.3718 0.0754 0.3971
MAU2 2025 094  -1407.6782    647.2404   3035.7824    0.3667 0.0742 0.3863
MAU2 2025 095  -1412.4203    645.9014   3039.0855    0.3547 0.0723 0.3897
MAU2 2025 096  -1411.2930    649.1694   3037.9859    0.3600 0.0730 0.3937
MAU2 2025 097  -1413.2759    645.1115   3035.7657    0.3649 0.0734 0.3908
MAU2 2025 098  -1411.7042    649.6633   3037.0990    0.3708 0.0716 0.4041
MAU2 2025 099  -1413.7259    647.0593   3037.5022    0.3810 0.0744 0.4158
MAU2 2025 100  -1412.6183    648.6342   3049.4189    0.4036 0.0760 0.4391
MAU2 2025 101  -1414.2609    648.0442   3040.1217    0.3898 0.0752 0.4175
MAU2 2025 102  -1413.1808    648.2349   3047.0035    0.3722 0.0718 0.3953
MAU2 2025 103  -1414.7117    645.4182   3044.0879    0.3822 0.0767 0.4247
MAU2 2025 104  -1417.7968    650.0019   3044.6392    0.4313 0.0846 0.4730
MAU2 2025 105  -1417.9512    647.3494   3048.6606    0.3962 0.0809 0.4272
MAU2 2025 106  -1419.9504    648.9285   3043.0931    0.4208 0.0840 0.4527
MAU2 2025 107  -1418.6439    649.0367   3047.2938    0.3877 0.0781 0.4193
MAU2 2025 108  -1414.5120    649.1602   3047.2666    0.3745 0.0732 0.4114
MAU2 2025 109  -1415.1041    648.8586   3051.5175    0.3823 0.0751 0.4061
MAU2 2025 110  -1418.9655    649.8570   3056.4068    0.3698 0.0724 0.3873
MAU2 2025 111  -1421.3409    650.0722   3056.2072    0.3755 0.0751 0.4149
MAU2 2025 112  -1423.4706    651.0068   3046.0494    0.4018 0.0782 0.4415
MAU2 2025 113  -1425.0903    649.7459   3057.4383    0.3990 0.0800 0.4281
MAU2 2025 114  -1422.0567    649.8838   3058.9135    0.4127 0.0782 0.4406
MAU2 2025 115  -1419.9304    648.5089   3057.2667    0.4068 0.0800 0.4457
MAU2 2025 116  -1421.8815    651.9285   3061.1652    0.3932 0.0750 0.4316
MAU2 2025 117  -1416.5298    649.9236   3061.2591    0.3766 0.0726 0.4022
MAU2 2025 118  -1419.7231    649.3710   3061.8041    0.3618 0.0726 0.3844
MAU2 2025 119  -1420.8052    651.5567   3066.6407    0.3463 0.0686 0.3818
MAU2 2025 120  -1421.9882    650.6934   3069.5247    1.8377 0.3893 2.0371
MAU2 2025 121  -1433.0877    650.3102   3080.0253    25.3453 5.3514 27.7317
MAU2 2025 122  -1424.4612    650.9773   3071.4861    10.7890 2.3014 11.5365
MAU2 2025 123  -1424.8544    650.5002   3073.3888    0.3751 0.0746 0.4025
MAU2 2025 124  -1434.3322    657.2276   3077.9353    0.3709 0.0714 0.4013
MAU2 2025 125  -1431.5502    651.8190   3072.4979    0.3643 0.0707 0.3854
MAU2 2025 126  -1426.5819    647.3426   3072.2036    0.3901 0.0733 0.4088
MAU2 2025 127  -1428.6820    647.9331   3072.2153    0.3849 0.0761 0.4253
MAU2 2025 128  -1427.8564    652.4405   3073.1106    0.3714 0.0728 0.4078
MAU2 2025 129  -1430.0259    652.3101   3073.1988    0.4338 0.0860 0.4723
MAU2 2025 130  -1425.8561    650.8921   3075.8651    0.3680 0.0730 0.3985
MAU2 2025 131  -1426.0818    651.5218   3078.0444    0.3582 0.0719 0.3904
MAU2 2025 132  -1427.7876    652.3482   3083.1567    0.3731 0.0718 0.4037
MAU2 2025 133  -1431.3501    649.8473   3082.3756    0.3833 0.0753 0.4138
MAU2 2025 134  -1429.4108    651.5889   3080.1019    0.3627 0.0716 0.3886
MAU2 2025 135  -1430.2240    651.8613   3083.4375    0.3643 0.0717 0.4033
MAU2 2025 136  -1431.9154    653.2267   3083.0425    0.3716 0.0731 0.4029
MAU2 2025 137  -1432.8330    654.2066   3077.5317    0.4507 0.0914 0.4909
MAU2 2025 138  -1436.0862    652.4028   3075.9147    0.3783 0.0738 0.4110
MAU2 2025 139  -1433.9631    652.9112   3085.6761    0.3613 0.0713 0.3951
MAU2 2025 140  -1430.5356    653.4860   3087.9832    0.3649 0.0701 0.4001
MAU2 2025 141  -1434.4352    651.6262   3084.1442    0.3849 0.0749 0.4180
MAU2 2025 142  -1432.1210    652.8163   3088.5605    0.3542 0.0698 0.3812
MAU2 2025 143  -1436.3760    654.3541   3094.0673    0.3724 0.0723 0.4165
MAU2 2025 144  -1436.3986    654.6739   3089.7151    0.3597 0.0689 0.3994
MAU2 2025 145  -1435.4196    654.7162   3096.2842    0.3888 0.0759 0.4301
MAU2 2025 146  -1436.0259    656.2575   3089.1315    0.3950 0.0772 0.4403
MAU2 2025 147  -1434.0765    656.8962   3089.6136    0.3593 0.0710 0.3988
MAU2 2025 148  -1433.7913    656.9411   3093.3090    0.3695 0.0727 0.4101
MAU2 2025 149  -1435.8406    657.0409   3090.6125    0.3833 0.0760 0.4198
MAU2 2025 150  -1436.1986    656.7725   3098.5521    0.3705 0.0749 0.4006
MAU2 2025 151  -1435.1612    657.0936   3098.1452    0.3431 0.0678 0.3811
MAU2 2025 152  -1438.4250    657.3177   3096.8481    0.3546 0.0699 0.3927
MAU2 2025 153  -1442.0757    655.2510   3097.3328    0.3555 0.0675 0.3856
MAU2 2025 154  -1446.1805    659.8989   3103.8609    0.3670 0.0680 0.4008
MAU2 2025 155  -1441.2480    656.2113   3102.4365    0.3687 0.0717 0.4091
MAU2 2025 156  -1438.6961    658.1428   3106.0153    0.3479 0.0668 0.3850
MAU2 2025 157  -1440.7213    657.1940   3103.8995    0.3504 0.0666 0.3856
MAU2 2025 158  -1442.9499    657.5581   3110.7870    0.3527 0.0697 0.3883
MAU2 2025 159  -1441.7384    657.4817   3107.4738    0.3501 0.0666 0.3916
MAU2 2025 160  -1442.2132    658.8450   3108.6140    0.3339 0.0646 0.3747
MAU2 2025 161  -1446.0405    658.8511   3108.1243    0.3399 0.0652 0.3768
MAU2 2025 162  -1444.5506    659.4877   3115.5339    0.3462 0.0670 0.3850
MAU2 2025 163  -1446.3011    658.9273   3115.6446    0.3594 0.0698 0.4033
MAU2 2025 164  -1446.9201    660.0825   3114.2125    0.3917 0.0808 0.4316
MAU2 2025 165  -1447.4643    659.3928   3115.4398    0.3554 0.0708 0.3933
MAU2 2025 166  -1448.3456    660.2752   3117.2027    0.3772 0.0762 0.4159
MAU2 2025 167  -1447.6545    660.4463   3115.7500    0.3891 0.0718 0.4274
MAU2 2025 168  -1448.5143    659.3428   3115.2179    0.3735 0.0727 0.4132
MAU2 2025 169  -1450.5203    659.9401   3114.8848    0.3642 0.0665 0.3963
MAU2 2025 170  -1449.2247    660.2092   3118.0860    0.3628 0.0661 0.3980
MAU2 2025 171  -1450.0142    661.3447   3118.9514    0.3716 0.0715 0.4156
MAU2 2025 172  -1453.5899    661.4409   3122.1002    0.3823 0.0740 0.4282
MAU2 2025 173  -1453.9160    659.9479   3119.5657    0.3940 0.0754 0.4350
MAU2 2025 174  -1449.6181    660.9914   3123.4185    0.4069 0.0795 0.4533
MAU2 2025 175  -1451.5278    662.0114   3124.9163    0.4199 0.0816 0.4693
MAU2 2025 176  -1452.1523    661.2590   3119.4279    0.4046 0.0747 0.4447
MAU2 2025 177  -1454.5087    661.8809   3121.7231    0.4053 0.0757 0.4421
MAU2 2025 178  -1455.0554    663.0218   3125.6006    0.4155 0.0771 0.4555
MAU2 2025 179  -1455.1965    663.3348   3122.1775    0.4052 0.0792 0.4501
MAU2 2025 180  -1453.3998    663.6755   3127.3372    0.3932 0.0765 0.4327
MAU2 2025 181  -1453.0487    665.0846   3130.1078    0.3751 0.0733 0.4097
MAU2 2025 182  -1454.9737    665.7991   3133.0185    0.3937 0.0730 0.4277
MAU2 2025 183  -1454.4452    664.2076   3134.2924    0.3772 0.0725 0.4145
MAU2 2025 184  -1456.2983    664.2797   3135.9885    0.3750 0.0709 0.4109
MAU2 2025 185  -1456.6120    663.7624   3134.4614    0.3740 0.0703 0.4077
MAU2 2025 186  -1455.9059    665.5874   3138.4621    0.3625 0.0677 0.4024
MAU2 2025 187  -1458.7852    667.2151   3139.8900    0.3903 0.0740 0.4332
MAU2 2025 188  -1458.4193    665.1075   3140.8882    0.3654 0.0678 0.4040
MAU2 2025 189  -1458.4044    666.5224   3141.1169    0.3588 0.0678 0.3937
MAU2 2025 190  -1458.6317    666.1760   3146.2880    0.3607 0.0701 0.4001
MAU2 2025 191  -1459.8102    665.8665   3143.2536    0.3655 0.0671 0.4002
MAU2 2025 192  -1461.1671    665.6142   3143.7088    0.3682 0.0723 0.4056
MAU2 2025 193  -1461.7694    666.0846   3148.1226    0.3634 0.0708 0.3986
MAU2 2025 194  -1461.4907    665.8456   3148.3218    0.3623 0.0705 0.3985
MAU2 2025 195  -1461.5881    665.9859   3146.5812    0.3604 0.0712 0.3968
MAU2 2025 196  -1462.0711    665.8261   3150.7039    0.3812 0.0738 0.4191
MAU2 2025 197  -1464.5958    666.4954   3149.3604    0.3650 0.0711 0.3934
MAU2 2025 198  -1464.0224    666.2732   3153.5042    0.3604 0.0730 0.3933
MAU2 2025 199  -1464.7017    666.0767   3152.1520    0.3709 0.0725 0.4030
MAU2 2025 200  -1467.6785    665.2570   3157.2919    0.3788 0.0745 0.4107
MAU2 2025 201  -1470.9029    664.5099   3157.6773    0.3806 0.0744 0.4085
MAU2 2025 202  -1470.8605    665.4641   3150.0028    0.3964 0.0763 0.4333
MAU2 2025 203  -1468.4333    665.8989   3154.6485    0.3707 0.0730 0.4072
MAU2 2025 204  -1467.7749    667.9105   3160.2976    0.3683 0.0711 0.4019
MAU2 2025 205  -1468.9994    668.7583   3166.2430    0.3978 0.0783 0.4307
MAU2 2025 206  -1470.1167    666.5540   3169.7233    0.4106 0.0831 0.4480
MAU2 2025 207  -1469.0530    668.1489   3169.9045    0.3802 0.0748 0.4107
MAU2 2025 208  -1473.1618    669.1717   3166.3368    0.3817 0.0776 0.4072
MAU2 2025 209  -1477.1935    668.0893   3169.2515    0.4334 0.0868 0.4617
MAU2 2025 210  -1475.1474    669.7217   3168.3930    0.4032 0.0801 0.4349
MAU2 2025 211  -1474.1592    668.7405   3171.6061    0.4158 0.0824 0.4474
MAU2 2025 212  -1473.3312    668.2469   3169.5875    0.5618 0.1070 0.6095
MAU2 2025 213  -1475.0825    669.9633   3171.3965    0.4216 0.0838 0.4528
MAU2 2025 214  -1474.2540    669.5839   3171.9116    0.4295 0.0865 0.4637
MAU2 2025 215  -1475.3819    668.3125   3169.9932    0.4103 0.0792 0.4449
MAU2 2025 216  -1476.2465    669.1920   3172.0286    0.4014 0.0796 0.4329
MAU2 2025 217  -1480.7899    670.0551   3174.3090    0.4347 0.0854 0.4634
MAU2 2025 218  -1482.7273    668.4604   3170.0485    0.4112 0.0790 0.4489
MAU2 2025 219  -1478.7814    669.1835   3176.5963    0.3882 0.0745 0.4229
MAU2 2025 220  -1478.9661    669.9414   3177.2636    0.3867 0.0730 0.4211
MAU2 2025 221  -1480.9984    671.9002   3180.1234    0.4038 0.0782 0.4371
MAU2 2025 222  -1481.7092    671.0917   3181.4150    0.4190 0.0830 0.4569
MAU2 2025 223  -1485.0463    670.1871   3181.1735    0.4199 0.0796 0.4562
MAU2 2025 224  -1483.6644    669.6002   3179.9936    0.4222 0.0828 0.4545
MAU2 2025 225  -1485.6229    669.1989   3181.3954    0.4063 0.0797 0.4366
MAU2 2025 226  -1483.4731    670.1778   3182.9051    0.3954 0.0748 0.4299
MAU2 2025 227  -1485.8120    671.1718   3190.9781    0.3756 0.0710 0.4072
MAU2 2025 228  -1486.7284    671.2016   3189.5666    0.3823 0.0726 0.4135
MAU2 2025 229  -1486.6546    672.7270   3192.4007    0.3933 0.0748 0.4305
MAU2 2025 230  -1487.4998    673.5042   3198.2837    0.3933 0.0770 0.4349
MAU2 2025 231  -1487.9256    674.0969   3198.9797    0.4001 0.0767 0.4435
MAU2 2025 232  -1491.6702    673.7692   3198.7302    0.4015 0.0791 0.4437
MAU2 2025 233  -1489.9867    672.5012   3197.0264    0.4153 0.0825 0.4547
MAU2 2025 234  -1492.8450    673.1153   3197.3285    0.4036 0.0786 0.4449
MAU2 2025 235  -1490.1116    672.7294   3202.8797    0.3786 0.0735 0.4113
MAU2 2025 236  -1490.4275    675.2946   3202.0664    0.4124 0.0809 0.4461
MAU2 2025 237  -1490.6906    673.8265   3202.9197    0.3848 0.0760 0.4157
MAU2 2025 238  -1491.7289    674.0527   3207.0148    0.3804 0.0782 0.4150
MAU2 2025 239  -1493.3016    673.6650   3208.8942    0.3725 0.0741 0.4033
MAU2 2025 240  -1493.4782    675.5110   3212.5142    0.3654 0.0739 0.3923
MAU2 2025 241  -1499.0190    674.3419   3213.1144    0.4238 0.0918 0.4548
MAU2 2025 242  -1498.1243    673.7593   3216.0131    0.4345 0.0894 0.4685
MAU2 2025 244  -1499.6065    676.6262   3216.7903    0.3813 0.0744 0.4046
MAU2 2025 245  -1500.5355    677.1011   3210.9702    0.3837 0.0726 0.4074
MAU2 2025 246  -1501.4002    677.6209   3215.5050    0.3955 0.0777 0.4254
MAU2 2025 247  -1501.4952    677.8518   3216.2845    0.3874 0.0784 0.4182
MAU2 2025 248  -1502.9317    679.6769   3222.5069    0.3801 0.0728 0.4082
MAU2 2025 249  -1503.9618    679.8575   3222.9120    0.3897 0.0753 0.4149
MAU2 2025 250  -1508.7494    680.4862   3225.4598    0.3850 0.0735 0.4107
MAU2 2025 251  -1509.6983    679.7734   3229.3512    0.3796 0.0734 0.4047
MAU2 2025 252  -1511.7900    681.8291   3227.6501    0.3962 0.0772 0.4212
MAU2 2025 253  -1513.5347    683.1848   3231.8878    0.4166 0.0807 0.4409
MAU2 2025 254  -1511.6905    682.5473   3237.5127    0.4008 0.0794 0.4284
MAU2 2025 255  -1512.9259    681.8228   3240.5479    0.3692 0.0707 0.3930
MAU2 2025 256  -1517.7102    681.7705   3238.1992    0.3971 0.0776 0.4206
MAU2 2025 257  -1516.6251    682.5400   3239.0319    0.3834 0.0759 0.4037
MAU2 2025 258  -1516.7431    683.6884   3241.1872    0.4341 0.0939 0.4641
MAU2 2025 259  -1518.6737    683.3426   3245.3078    0.3870 0.0775 0.4160
MAU2 2025 260  -1518.3505    683.0808   3242.0883    0.3841 0.0724 0.4051
MAU2 2025 261  -1519.6313    684.8978   3247.5625    0.3917 0.0741 0.4162
MAU2 2025 262  -1520.2416    684.2242   3254.8822    0.3972 0.0801 0.4324
MAU2 2025 263  -1522.8321    684.1163   3251.1300    0.3971 0.0764 0.4288
MAU2 2025 264  -1526.1809    684.6709   3246.7807    0.4008 0.0831 0.4282
MAU2 2025 265  -1523.6248    685.4465   3249.1742    0.3968 0.0789 0.4231
MAU2 2025 266  -1525.5269    685.1358   3248.7476    0.3959 0.0783 0.4214
MAU2 2025 267  -1524.8611    685.7192   3251.5621    0.3962 0.0782 0.4224
MAU2 2025 268  -1526.3830    688.0626   3257.1799    0.3872 0.0759 0.4088
MAU2 2025 269  -1530.0617    686.9540   3258.2981    0.4034 0.0806 0.4291
MAU2 2025 270  -1527.2285    687.0791   3261.0413    0.3951 0.0830 0.4258
MAU2 2025 271  -1533.6443    686.2602   3262.1847    0.3850 0.0757 0.4105
MAU2 2025 272  -1532.8680    685.9484   3261.7401    0.4006 0.0798 0.4268
MAU2 2025 273  -1528.4746    686.2711   3260.7644    0.3999 0.0793 0.4220
MAU2 2025 274  -1530.8342    687.1019   3262.2113    0.3855 0.0747 0.4137
MAU2 2025 275  -1532.7008    687.3941   3263.0759    0.3884 0.0768 0.4166
MAU2 2025 276  -1537.5192    688.8261   3262.9155    0.3914 0.0772 0.4134
MAU2 2025 277  -1536.2884    686.1661   3267.9261    0.4033 0.0792 0.4345
MAU2 2025 278  -1536.1358    687.1850   3269.5166    0.3810 0.0801 0.4162
MAU2 2025 279  -1536.1073    687.2608   3269.1765    0.3957 0.0810 0.4280
MAU2 2025 280  -1536.0887    687.0086   3272.5750    0.4051 0.0835 0.4375
MAU2 2025 281  -1535.6962    686.1698   3272.5025    0.3945 0.0805 0.4210
MAU2 2025 282  -1543.1706    685.3638   3273.1114    0.3949 0.0781 0.4208
MAU2 2025 283  -1541.5887    683.1816   3275.6512    0.4111 0.0826 0.4404
MAU2 2025 284  -1544.8034    684.9606   3274.5370    0.4000 0.0806 0.4225
MAU2 2025 285  -1541.2635    686.5898   3280.4334    0.3900 0.0797 0.4105
MAU2 2025 286  -1544.6503    684.9730   3281.5901    0.4091 0.0840 0.4397
MAU2 2025 287  -1547.2405    685.6312   3282.6567    0.3975 0.0792 0.4259
MAU2 2025 288  -1547.8588    685.2454   3287.1449    0.4230 0.0854 0.4544
MAU2 2025 289  -1544.9736    686.1610   3281.9815    0.4146 0.0872 0.4318
MAU2 2025 290  -1546.4620    687.1087   3289.8986    0.4036 0.0806 0.4320
MAU2 2025 291  -1547.2416    685.5905   3285.7150    0.3850 0.0781 0.4164
MAU2 2025 292  -1550.2855    686.3759   3290.0683    0.3897 0.0766 0.4120
MAU2 2025 293  -1551.0118    686.9800   3291.0964    0.4102 0.0807 0.4347
MAU2 2025 294  -1553.1310    685.2220   3294.0022    0.4124 0.0834 0.4444
MAU2 2025 295  -1551.7422    685.8687   3297.2860    0.3855 0.0787 0.4087
MAU2 2025 296  -1554.8604    687.0026   3301.3874    0.4031 0.0809 0.4231
MAU2 2025 297  -1556.5138    685.0472   3298.5199    0.4073 0.0822 0.4240
MAU2 2025 298  -1554.4380    686.5761   3301.6750    0.4297 0.0868 0.4616
MAU2 2025 299  -1554.3417    688.2316   3300.1400    0.4046 0.0803 0.4363
MAU2 2025 300  -1554.7039    685.6916   3299.2320    0.3821 0.0758 0.4001
MAU2 2025 301  -1553.8391    689.3567   3299.8182    0.3899 0.0752 0.4112
MAU2 2025 302  -1557.4199    688.0349   3302.2917    0.3987 0.0794 0.4252
MAU2 2025 303  -1556.1622    687.5014   3301.8827    0.3912 0.0769 0.4176
MAU2 2025 304  -1559.4645    688.7660   3305.6985    0.3991 0.0750 0.4324
MAU2 2025 305  -1555.4212    689.2411   3305.4325    0.3814 0.0742 0.4043
MAU2 2025 306  -1556.3937    687.6258   3309.8539    0.3735 0.0719 0.3992
MAU2 2025 307  -1556.8855    689.2526   3312.2799    0.4071 0.0788 0.4490
MAU2 2025 308  -1561.1409    689.3993   3310.6610    0.4048 0.0784 0.4328
MAU2 2025 309  -1559.0497    687.6498   3313.4704    0.4405 0.0935 0.4740
MAU2 2025 310  -1559.8010    688.4810   3313.8542    0.4967 0.1128 0.5343
MAU2 2025 311  -1559.7666    689.5995   3315.9218    0.4061 0.0807 0.4355
MAU2 2025 312  -1559.8240    689.3042   3314.2163    0.4377 0.0865 0.4769
MAU2 2025 313  -1559.5551    689.5655   3309.7048    0.4285 0.0841 0.4519
MAU2 2025 314  -1559.0920    689.8454   3313.1950    0.4000 0.0777 0.4257
MAU2 2025 315  -1560.5748    691.3720   3311.3103    0.4433 0.0855 0.4684
MAU2 2025 316  -1562.1257    688.8860   3318.9381    0.4288 0.0821 0.4523
MAU2 2025 317  -1561.1635    689.1584   3319.6519    0.4741 0.0873 0.5045
MAU2 2025 318  -1561.4156    691.6918   3323.4986    0.3910 0.0765 0.4172
MAU2 2025 319  -1565.1062    690.0737   3312.8134    0.3985 0.0756 0.4264
MAU2 2025 320  -1565.2115    689.5321   3319.4486    0.4154 0.0764 0.4532
MAU2 2025 321  -1560.6656    691.8609   3317.3589    0.4503 0.0896 0.4900
MAU2 2025 322  -1563.8929    691.3222   3326.0852    0.4293 0.0889 0.4671
MAU2 2025 323  -1563.8145    692.9525   3323.8730    0.4101 0.0806 0.4432
MAU2 2025 324  -1563.5296    694.2363   3323.0754    1.3330 0.2612 1.4378
MAU2 2025 325  -1565.0752    691.2062   3326.6278    0.3768 0.0749 0.4054
MAU2 2025 326  -1561.6576    692.8430   3329.1996    0.4000 0.0851 0.4335
MAU2 2025 327  -1562.5664    694.7279   3334.0782    0.3860 0.0769 0.4144
